new.ID,SampleID,latitud,longitud,area,pais,estado  ,localidad,submuestras,area_m2,ultimo_incendio,fecha de colecta,bioma,bioregion,ecoregion,nativeness,advertencia,delta15N,N_conc_g_kg,P_conc_mg_kg,abund,riqueza,mold_Eurotiales_Abundance,mold_Mortierellales_Abundance,mold_Mucorales_Abundance,mold_Trichoderma_Abundance,mold_Umbelopsidales_Abundance
AtlasMXA_G5134_2025,G5134,20.86,-90.14,Mexico:Yucatán:Bella Flor,México,Yucatán,Bella Flor,40,2500,40,43649,forest: subtropical broadleaf forest biome,Yucatan & Veracruz Mixed Forests Bioregion,Yucatan Dry Forests,,,2.045543746,17.85730444,48.51033732,6224,703,0.642673522,0.144601542,0.064267352,1.028277635,0
AtlasMXA_G5135_2025,G5135,19.77,-90.55,Mexico:Campeche,México,Campeche,Campeche,40,2500,50,43649,forest: tropical broadleaf forest biome,Yucatan & Veracruz Mixed Forests Bioregion,Yucatan Moist Forests,,,3.035507757,8.724105745,30.86174944,5254,1216,1.52264941,0.342596117,0.019033118,1.655881233,0.038066235
AtlasMXA_G5136_2025,G5136,19.08,-91.06,Mexico:Campeche:Noham,México,Campeche,Nohan,40,2500,100,43649,forest: tropical broadleaf forest biome,Yucatan & Veracruz Mixed Forests Bioregion,Mesoamerican Gulf-Caribbean Mangroves.,,,-0.588737984,5.651195464,77.43915553,4597,998,1.196432456,0.848379378,0.152273222,0.065259952,0
AtlasMXA_G5137_2025,G5137,20.68,-88.57,Mexico:Yucatán:Chichen Itza,México,Yucatán,Chichén Itzá,40,2500,100,43651,forest: subtropical broadleaf forest biome,Yucatan & Veracruz Mixed Forests Bioregion,Yucatan Dry Forests,,,3.410946695,11.13544978,34.99083086,3416,1006,0.526932084,0.117096019,0.029274005,0.322014052,0
AtlasMXA_G5138_2025,G5138,20.75,-88.47,Mexico:Yucatán:Kax Ek,México,Yucatán,San Francisco el Grande,40,2500,100,43651,forest: subtropical broadleaf forest biome,Yucatan & Veracruz Mixed Forests Bioregion,Yucatan Dry Forests,,,3.70079034,7.7779189,0.390965035,3639,873,1.676284694,0.109920308,0,0.934322616,0
AtlasMXA_G5139_2025,G5139,20.26,-87.39,Mexico:Cozumel,México,Quintana Roo,Tulsayab,40,2500,100,43652,forest: subtropical broadleaf forest biome,Yucatan & Veracruz Mixed Forests Bioregion,Yucatan Dry Forests,,,3.593704534,3.214139761,63.39815505,3653,442,1.532986586,0.191623323,0.191623323,0.328497126,0
AtlasMXA_MX10_2025,MX10,19.67,-100.29,Mexico:Michoacán:Mariposa Monarca,México,Michoacán,Santuario Mariposa Monarca,40,2500,100,42027,forest: tropical coniferous forest biome,Mexican Dry & Coniferous Forests Bioregion,Trans-mexican Volcanic belt Pine-Oak Forests,,,-0.944126969,11.96257352,2.273988439,4896,979,1.429738562,10.84558824,0.081699346,0.306372549,0.12254902
AtlasMXA_MX11_2025,MX11,19.68,-96.85,Mexico:Veracruz:Naolinco,México,Veracruz,Acatlán,40,2500,100,42031,forest: tropical broadleaf forest biome,Yucatan & Veracruz Mixed Forests Bioregion,Veracruz Moist Forests,,,-0.944878305,7.661940128,3.866792899,793,44,3.278688525,0.25220681,0,0,0.126103405
AtlasMXA_MX12_2025,MX12,18.58,-95.08,Mexico:Veracruz:Tuxtlas,México,Veracruz,El Cocal,40,2500,100,42032,forest: tropical broadleaf forest biome,Yucatan & Veracruz Mixed Forests Bioregion, Sierra De Los Tuxtlas ,,,0.884569004,8.006068784,4.310167658,768,37,0,0,0.130208333,0.130208333,0
AtlasMXA_MX13_2025,MX13,17.62,-92.47,Mexico:Tabasco:Agua blanca,México,Tabasco,Caparroso,40,2500,100,42033,forest: tropical broadleaf forest biome,Yucatan & Veracruz Mixed Forests Bioregion,Pantanos de Centla,,,3.126124402,4.230620287,12.94811922,3084,49,0,0,0,0,0
AtlasMXA_MX14_2025,MX14,16.88,-93.46,Mexico:Chiapas:Ocote,México,Chiapas,El Faro,40,2500,100,42034,forest: tropical broadleaf forest biome,Yucatan & Veracruz Mixed Forests Bioregion,Petén-Veracruz moist forests,,,0.75273553,3.32373993,0.769175162,212,20,0,0,0,0,0
AtlasMXA_MX15_2025,MX15,15.8,-96.11,Mexico:Oaxaca:Huatulco,México,Oaxaca,Crucecita,40,2500,100,42035,shrubland: tropical shrubland biome,Mexican Dry & Coniferous Forests Bioregion,Southern Pacific Dry Forests,,,6.892136755,5.362251399,57.7893627,7617,1863,1.956150716,0.879611396,0.196927924,0.196927924,0
AtlasMXA_MX16_2025,MX16,17.34,-96.47,Mexico:Oaxaca:Ixtlan,México,Oaxaca,Ixtlán de Juárez,40,2500,100,42036,forest: tropical coniferous forest biome,Mexican Dry & Coniferous Forests Bioregion,Sierra Madre de Oaxaca Pine-Oak Forests,,,1.491984488,6.298477276,1.025604964,11986,1766,1.735357918,3.762723177,0.083430669,1.401635241,1.126314033
AtlasMXA_MX17_2025,MX17,18.16,-97.3,Mexico:Puebla:Cuicatlan,México,Puebla,San Pedo Tetitlán,40,2500,100,42037,shrubland: xeric shrubland biome,Mexican Dry & Coniferous Forests Bioregion,Tehuacán Valley Matorral,,,6.239017281,7.613545519,195.1327767,2213,782,0.361500226,2.214188884,0.271125169,0.045187528,0
AtlasMXA_MX18_2025,MX18,20.16,-98.55,Mexico:Hidalgo:El Zembo,México,Hidalgo,Ixtula Sembo,40,2500,100,42060,forest: subtropical coniferous forest biome,Sierra Madre Forests and Mexican drylands bioregion,Sierra Madre Oriental Pine-Oak Forests,,,-0.608720258,5.068572715,3.474033149,6499,1468,0,1.369441453,0.123095861,0.200030774,1.092475766
AtlasMXA_MX19_2025,MX19,20.64,-98.6,Mexico:Hidalgo:Tizapan,México,Hidalgo,Tizapán,40,2500,100,42061,forest: subtropical broadleaf forest biome,Sierra Madre Forests and Mexican drylands bioregion,Meseta central matorral,,,-1.689381497,18.27638838,16.5248053,10106,1811,0.10884623,6.619829804,0.049475559,3.027904215,0.484860479
AtlasMXA_MX1a_2025,MX1a,19.51,-105.05,Mexico:Jalisco:Chamela,México,Jalisco,Chamela,40,2500,100,41944,forest: tropical broadleaf forest biome,Mexican Dry & Coniferous Forests Bioregion,Jalisco Dry Forests,,,5.729809634,6.215939157,19.8697487,2652,809,0.452488688,4.449472097,0.60331825,0.490196078,0
AtlasMXA_MX20_2025,MX20,20.48,-98.67,Mexico:Hidalgo:Meztitlan,México,Hidalgo,Venados,40,2500,100,42061,shrubland: montane shrubland biome,Sierra Madre Forests and Mexican drylands bioregion,Sierra Madre Oriental Pine-Oak Forests,,,5.614136712,4.089462138,190.4993728,5219,1382,0.038321518,0.843073386,0.210768346,0.038321518,0
AtlasMXA_MX21_2025,MX21,17.39,-96.45,Mexico:Oaxaca:Ixtlan,México,Oaxaca,Ixtlán de Juárez,40,2500,100,43412,forest: tropical coniferous forest biome,Mexican Dry & Coniferous Forests Bioregion,Sierra Madre de Oaxaca Pine-Oak Forests,,molds_above_5SD_median,6.269805486,1.45549811,34.48448276,20427,962,9.595143682,1.972879033,0.048954815,0.807754443,45.96857101
AtlasMXA_MX22_2025,MX22,17.39,-96.46,Mexico:Oaxaca:Ixtlan,México,Oaxaca,Ixtlán de Juárez,40,2500,100,43412,forest: tropical coniferous forest biome,Mexican Dry & Coniferous Forests Bioregion,Sierra Madre de Oaxaca Pine-Oak Forests,,,6.147724406,2.738892265,24.21178261,4663,523,0.514690114,27.02123097,0.064336264,0.278790478,34.80591894
AtlasMXA_MX23_2025,MX23,19.13,-98.66,Mexico:Estado de México:Iztaccihuatl,México,Estado de México,Amecameca de Juarez,40,2500,100,43466,forest: tropical coniferous forest biome,Mexican Dry & Coniferous Forests Bioregion,Trans-mexican Volcanic belt Pine-Oak Forests,,,5.146790868,3.558245993,65.08227245,13321,1872,0.900833271,7.521957811,0.367840252,0.21019443,4.121312214
AtlasMXA_MX24_2025,MX24,15.91,-97.08,Mexico:Oaxaca:Puerto Escondido,México,Oaxaca,Puente San José,40,2500,100,43617,forest: tropical broadleaf forest biome,Mexican Dry & Coniferous Forests Bioregion,Southern Pacific Dry Forests,,,3.637290529,2.57435113,10.15282977,11446,1879,0.91735104,0.978507776,0.096103442,0.419360475,0
AtlasMXA_MX25_2025,MX25,16.88,-93.45,Mexico:Chiapas:Ocote,México,Chiapas,El Chapopote,40,2500,100,42496,forest: tropical broadleaf forest biome,Yucatan & Veracruz Mixed Forests Bioregion,Petén-Veracruz moist forests,,,5.57236789,2.86858827,2.005184447,2720,699,0.073529412,3.75,0.625,1.875,0
AtlasMXA_MX26_2025,MX26,20.96,-98.68,Mexico:Hidalgo:Tlanchinol,México,Hidalgo,Chipoco,40,2500,100,42514,forest: subtropical broadleaf forest biome,Yucatan & Veracruz Mixed Forests Bioregion,Veracruz Montane Forests,,,7.355994957,4.371595722,5.921454347,3328,194,0.030048077,44.32091346,0,0.210336538,0
AtlasMXA_MX27_2025,MX27,17.64,-96.38,Mexico:Oaxaca:La esperanza,México,Oaxaca,Josaa,40,2500,100,42619,forest: tropical broadleaf forest biome,Mexican Dry & Coniferous Forests Bioregion,Oaxacan Montane Forests,,,-1.028259481,21.65744959,202.9914165,1599,69,0,0.062539087,0,0,0
AtlasMXA_MX28_2025,MX28,18.23,-89.8,Mexico:Campeche:Calakmul,México,Campeche,El Ramonal,40,2500,100,42494,forest: tropical broadleaf forest biome,Yucatan & Veracruz Mixed Forests Bioregion,Yucatan Moist Forests,,,0.940749701,3.231817539,19.34782609,8446,1440,0.023679848,0.177598863,0.118399242,0.591996211,0
AtlasMXA_MX29_2025,MX29,17.62,-92.47,Mexico:Tabasco:Agua blanca,México,Tabasco,Caparroso,40,2500,100,42493,forest: tropical broadleaf forest biome,Yucatan & Veracruz Mixed Forests Bioregion,Pantanos de Centla,,,1.346758939,4.68344486,14.95400472,6200,1689,0.080645161,4.467741935,2.548387097,1.419354839,0
AtlasMXA_MX2b_2025,MX2b,19.05,-99.31,Mexico:Morelos:Zempoala,México,Morelos,Zempoala,40,2500,100,42012,forest: tropical coniferous forest biome,Mexican Dry & Coniferous Forests Bioregion,Trans-mexican Volcanic belt Pine-Oak Forests,,,0.507541719,10.31534484,1.414736842,11369,2562,0.043979242,5.567772012,0.096754332,0.061570939,0.422200721
AtlasMXA_MX3_2025,MX3,19.39,-97.7,Mexico:Puebla:Libres,México,Tlaxcala,Libres,40,2500,100,42016,forest: tropical broadleaf forest biome,Mexican Dry & Coniferous Forests Bioregion,Tehuacán Valley Matorral,,,0.043368303,1.598363066,2.240895649,7783,1773,0.025697032,1.104972376,0.051394064,0.269818836,1.657458564
AtlasMXA_MX30_2025,MX30,16.81,-91.11,Mexico:Chiapas:Bonampak,México,Chiapas,Las Lagunitas,40,2500,100,42495,forest: tropical broadleaf forest biome,Yucatan & Veracruz Mixed Forests Bioregion,Petén-Veracruz moist forests,,,0.537016563,5.210405766,0.346462715,7273,1837,0.453732985,1.278702049,0.439983501,1.457445346,0.013749484
AtlasMXA_MX31_2025,MX31,18.58,-95.08,Mexico:Veracruz:Tuxtlas B,México,Veracruz,El Cocal,40,2500,100,42838,forest: tropical broadleaf forest biome,Yucatan & Veracruz Mixed Forests Bioregion, Sierra De Los Tuxtlas ,,,2.214135639,3.646910743,0.170832685,6627,1174,0,3.138675117,0.030179568,0.5734118,0
AtlasMXA_MX32_2025,MX32,16.11,-91.68,Mexico:Chiapas:Lagos de Monte Bello,México,Chiapas,Nuevo Belén,40,2500,100,43305,forest: tropical coniferous forest biome,Central american Mixed forests bioregion,Chiapas Montane Forests,,,-0.105815656,4.60615013,2.167473418,8238,506,1.031803836,0.18208303,0.752609857,3.43529983,24.42340374
AtlasMXA_MX33_2025,MX33,16.09,-91.68,Mexico:Chiapas:Lagos de Monte Bello,México,Chiapas,Nuevo Belén,40,2500,100,43305,forest: tropical broadleaf forest biome,Central american Mixed forests bioregion,Chiapas Montane Forests,,molds_above_5SD_median,4.422471254,3.130491267,4.888721625,22031,866,5.483182788,0.25872634,0,54.95438246,1.416186283
AtlasMXA_MX34_2025,MX34,20.09,-89.55,Mexico:Yucatán:Tziltzilche,México,Yucatán,Kiuic,40,2500,100,43652,forest: subtropical broadleaf forest biome,Yucatan & Veracruz Mixed Forests Bioregion,Yucatan Dry Forests,,,2.500167781,3.39266477,0.124929461,7024,895,0.07118451,0.242027335,0.028473804,0.882687927,0.042710706
AtlasMXA_MX35_2025,MX35,19.78,-97.1,Mexico:Veracruz:Mecacalco,México,Veracruz,Plan de Limón,40,2500,100,43136,forest: tropical coniferous forest biome,Mexican Dry & Coniferous Forests Bioregion,Oaxacan Montane Forests,,,-0.633000604,3.742410775,0.165714286,5076,950,0.591016548,6.934594169,0.177304965,4.432624113,2.698975571
AtlasMXA_MX36_2025,MX36,19.85,-97.22,Mexico:Veracruz:Alseseca,México,Veracruz,Tepetzintla,40,2500,100,43151,forest: tropical coniferous forest biome,Yucatan & Veracruz Mixed Forests Bioregion,Veracruz Moist Forests,,,4.917353265,3.200200216,0.182074689,4189,466,0.262592504,0.238720458,0,0.214848413,0
AtlasMXA_MX4_2025,MX4,19.27,-98.04,Mexico:Tlaxcala:Malinche,México,Tlaxcala,Guadalupe,40,2500,100,42016,forest: tropical coniferous forest biome,Mexican Dry & Coniferous Forests Bioregion,Trans-mexican Volcanic belt Pine-Oak Forests,,,-0.487490688,9.589316975,40.76183841,5934,1366,0.859453994,7.448601281,0.606673407,0.320188743,1.095382541
AtlasMXA_MX5_2025,MX5,19.27,-99.36,Mexico:Estado de Mexico:El Zarco,México,Estado de México,La Marquesa,40,2500,100,42018,forest: tropical coniferous forest biome,Mexican Dry & Coniferous Forests Bioregion,Trans-mexican Volcanic belt Pine-Oak Forests,,,-1.357435517,9.417479702,2.790975369,5096,1327,0.412087912,13.57927786,0.176609105,0.156985871,0.156985871
AtlasMXA_MX7_2025,MX7,19.62,-101.33,Mexico:Michoacán:Cuitzeo,México,Michoacán,Joya de la Huerta,40,2500,100,42025,forest: tropical broadleaf forest biome,Mexican Dry & Coniferous Forests Bioregion,Trans-mexican Volcanic belt Pine-Oak Forests,,,1.06879178,7.221381606,1.697104072,6687,1460,0.463586063,1.480484522,0.149543891,0.059817556,0.059817556
AtlasMXA_MX8_2025,MX8,20.81,-103.86,Mexico:Jalisco:Tequila1,México,Jalisco,Tequila,40,2500,100,42026,forest: subtropical broadleaf forest biome,Mexican Dry & Coniferous Forests Bioregion,Trans-mexican Volcanic belt Pine-Oak Forests,,,-0.246252353,7.670124399,2.407653061,5411,1145,1.256699316,0.831639253,0.166327851,0.609868786,4.601737202
AtlasMXA_MX9_2025,MX9,20.83,-103.85,Mexico:Jalisco:Tequila2,México,Jalisco,Tequila,40,2500,100,42026,forest: subtropical broadleaf forest biome,Mexican Dry & Coniferous Forests Bioregion,Trans-mexican Volcanic belt Pine-Oak Forests,,,-0.372240634,4.166774959,2.978755365,5667,1216,0.829362979,0.723486854,0.052938062,0.952885124,0.794070937
AtlasMXA_S036_2025,S036,21.21,-87.19,Mexico:Quintana Roo:El Eden,México,Quintana Roo,El Edén,40,2500,100,40450,forest: subtropical broadleaf forest biome,Yucatan & Veracruz Mixed Forests Bioregion,Yucatan Moist Forests,,,3.361789952,16.33356629,1.615046509,4053,1074,0.222057735,0.246730817,0.123365408,0.616827042,0
AtlasMXA_S163_2025,S163,19.17,-97.3,Mexico:Puebla:Tlachichuca,México,Puebla,Apizaco,40,2500,100,2012-05,forest: tropical broadleaf forest biome,Mexican Dry & Coniferous Forests Bioregion,Trans-mexican Volcanic belt Pine-Oak Forests,,,1.437657399,1.841283605,14.83661457,5268,793,7.574031891,3.28397874,1.461655277,1.822323462,10.07972665
AtlasMXA_S164_2025,S164,17.17,-96.64,Mexico:Oaxaca:Santa Catarina Ixtepeji,México,Oaxaca,Cañada de León,40,2500,100,2012-05,forest: tropical coniferous forest biome,Mexican Dry & Coniferous Forests Bioregion,Sierra Madre de Oaxaca Pine-Oak Forests,,,-0.005594808,6.57790002,1.958409045,5070,914,2.820512821,14.51676529,0.927021696,0.276134122,11.49901381
AtlasMXA_S165_2025,S165,22.2,-102.6,Mexico:Aguascalientes:San José de Gracia,México,Aguascalientes,San José de Gracia,40,2500,100,2012-05,shrubland: montane shrubland biome,Sierra Madre Forests and Mexican drylands bioregion,Sierra Madre Occidental Pine-Oak Forests,,,-0.126374899,2.764675413,0.508543531,8617,1065,0.858767553,1.868399675,0.116049669,0.313334107,6.011372868
AtlasMXA_S529_2025,S529,20.94,-90.37,Mexico:Yucatán:Xixim,México,Yucatán,Santa cruz Xixim,40,2500,100,42254,forest: subtropical broadleaf forest biome,Yucatan & Veracruz Mixed Forests Bioregion,Mesoamerican Gulf-Caribbean Mangroves.,,,5.082259695,0.553809484,146.7856229,7886,294,1.052498098,0,0.0507228,0.0380421,0
AtlasMXA_S530_2025,S530,20.86,-90.15,Mexico:Yucatán:Bella Flor,México,Yucatán,Bella Flor,40,2500,100,42254,forest: subtropical broadleaf forest biome,Yucatan & Veracruz Mixed Forests Bioregion,Yucatan Dry Forests,,,2.864168805,9.59651103,0.603994334,3724,942,0.161117078,0.134264232,0.026852846,3.651987111,0
AtlasMXA_S531_2025,S531,19.96,-89.17,Mexico:Yucatán:Becanchen,México,Yucatán,San Gaspar,40,2500,100,42255,forest: tropical broadleaf forest biome,Yucatan & Veracruz Mixed Forests Bioregion,Yucatan Dry Forests,,,1.40808441,24.68810893,40.17108251,4210,766,0.380047506,0.570071259,0.190023753,1.187648456,0.071258907
AtlasMXA_S532_2025,S532,20.2,-87.48,Mexico:Cancun:Tulum,México,Quintana Roo,"La Veleta, Tulum",40,2500,100,42256,forest: subtropical broadleaf forest biome,Yucatan & Veracruz Mixed Forests Bioregion,Yucatan Moist Forests,,,1.563484805,22.70080935,16.71852843,3068,517,0.521512386,0.130378096,0.097783572,1.075619296,0
AtlasMXA_S657_2025,S657,25.22,-100.39,Mexico:Coahuila:Iontananza,México,Coahuila,Los Oyameles,40,2500,100,42424,forest: subtropical coniferous forest biome,Sierra Madre Forests and Mexican Drylands Bioregion,Sierra Madre Oriental Pine-Oak Forests,,,1.036984136,5.648648189,24.04394667,5045,1136,3.131813677,3.885034688,2.140733399,0.376610505,7.115956392
AtlasMXA_S658_2025,S658,24.02,-100.25,Mexico:Nuevo León:Presa San Antonio,México,Nuevo León,Refugio de Cedillo,40,2500,100,42425,forest: subtropical coniferous forest biome,Sierra Madre Forests and Mexican Drylands Bioregion,Meseta central Matorral,,,5.267166188,4.379789105,6.956576392,9064,1739,1.301853486,10.46999117,1.048102383,0.19858782,0
AtlasMXA_S659_2025,S659,25.25,-100.91,Mexico:Coahuila:Jahuey,México,Coahuila,Cuauhtémoc,40,2500,100,42412,forest: subtropical coniferous forest biome,Sierra Madre Forests and Mexican Drylands Bioregion,Chihuahuan desert,,,0.63256457,7.57546717,6.603689636,4300,855,0.720930233,1.023255814,0.069767442,0.604651163,0.418604651
AtlasMXA_S660_2025,S660,25.25,-100.85,Mexico:Coahuila:Chapultepec,México,Coahuila,Chapultepec,40,2500,100,42428,forest: subtropical coniferous forest biome,Sierra Madre Forests and Mexican drylands bioregion,Sierra Madre Oriental Pine-Oak Forests,,,2.607379305,5.051111423,0.545170591,7971,1308,3.838916071,1.505457283,0.087818341,0.087818341,0.037636432
AtlasMXA_S661_2025,S661,25.25,-100.93,Mexico:Coahuila:Jahuey,México,Coahuila,Cuauhtémoc,40,2500,100,42423,forest: subtropical coniferous forest biome,Sierra Madre Forests and Mexican Drylands Bioregion,Chihuahuan desert,,,4.86888438,7.138744309,39.29226396,7326,1087,1.405951406,1.829101829,0.15015015,0.163800164,0
AtlasMXA_S662_2025,S662,24.73,-100.11,Mexico:Nuevo León:Arroyo Colorado,México,Nuevo León,Arroyo Colorado,40,2500,100,42396,forest: subtropical coniferous forest biome,Sierra Madre Forests and Mexican drylands bioregion,Sierra Madre Oriental Pine-Oak Forests,,,2.843681008,5.01470552,9.157004785,2975,830,9.411764706,2.319327731,0.067226891,0.336134454,2.151260504
AtlasMXA_S663_2025,S663,25.35,-101.03,Mexico:Coahuila:Saltillo,México,Coahuila,Saltillo,40,2500,100,42418,forest: subtropical coniferous forest biome,Sierra Madre Forests and Mexican Drylands Bioregion,Chihuahuan desert,,,4.335620992,4.630316923,21.43063572,14267,2976,0.820074297,7.738136959,0.049064274,0.07009182,0.161211187
AtlasMXA_S664_2025,S664,24.75,-100.03,Mexico:Nuevo León:La Poza,México,Nuevo León,La Y de Arriba,40,2500,100,42427,forest: subtropical coniferous forest biome,Sierra Madre Forests and Mexican Drylands Bioregion,Sierra Madre Oriental Pine-Oak Forests,,,4.067415947,17.32449076,15.22482982,2008,76,4.033864542,0,0,6.175298805,0
AtlasMXA_S665_2025,S665,24.52,-99.98,Mexico:Nuevo León:Pablillo,México,Nuevo León,Pablillo,40,2500,100,42427,forest: subtropical broadleaf forest biome,Sierra Madre Forests and Mexican Drylands Bioregion,Sierra Madre Oriental Pine-Oak Forests,,,1.93961323,12.28113292,110.0923644,9101,2039,2.351389957,1.76903637,0.395560927,0.15382925,0.571365784
AtlasMXA_S666_2025,S666,24.4,-99.92,Mexico:Nuevo León:La Ascension,México,Nuevo León,La Ascensión,40,2500,100,42427,forest: subtropical coniferous forest biome,Sierra Madre Forests and Mexican Drylands Bioregion,Sierra Madre Oriental Pine-Oak Forests,,,2.797446538,7.142785033,71.62919321,7691,1089,3.588610064,1.02717462,0.104017683,0.117019893,0.091015473
AtlasMXA_S907_2025,S907,19,-99.1,"Mexico:Tepoztlan, morelos",México,Morelos,Tepoztlán,40,2500,100,43429,forest: tropical broadleaf forest biome,Mexican Dry & Coniferous Forests Bioregion,Trans-mexican Volcanic belt Pine-Oak Forests,,,2.791207251,9.125428964,111.5520785,5709,1650,2.557365563,2.977754423,0.367840252,0.262743037,0.052548607
AtlasMXA_S908N_2025,S908N,19.28,-99.37,Mexico:Edomex:El Zarco,México,Estado de México,Valle del silencio,40,2500,100,43430,forest: tropical coniferous forest biome,Mexican Dry & Coniferous Forests Bioregion,Trans-mexican Volcanic belt Pine-Oak Forests,,,0.14394703,6.218774146,3.91648213,6562,1619,3.474550442,0.502895459,0.152392563,0.274306614,1.341054557
AtlasMXA_S909_2025,S909,19.28,-99.37,Mexico:Edomex:El Zarco,México,Estado de México,Valle del silencio,40,2500,100,43430,forest: tropical coniferous forest biome,Mexican Dry & Coniferous Forests Bioregion,Trans-mexican Volcanic belt Pine-Oak Forests,,,0.173457181,9.123239862,37.76552113,6318,1132,0.269072491,7.043368154,0.300728079,0.015827794,0
AtlasMXA_S910N_2025,S910N,19.29,-99.19,Mexico:Ciudad de Mexico:Bosque de Tlalpan,México,CDMX,Bosque de Tlalpan,40,2500,100,43430,forest: tropical broadleaf forest biome,Sierra Madre Forests and Mexican drylands bioregion,Central Mexican Matorral,non-native,,3.245482208,7.318165038,1.48942446,3181,954,1.823325998,2.26343917,0.188619931,0.220056586,0.094309965
AtlasMXA_S911_2025,S911,16.16,-91.31,Mexico:Chiapas:Maravilla Tenejapa,México,Chiapas,Maravilla de Tenejapa,40,2500,100,43438,forest: tropical broadleaf forest biome,Yucatan & Veracruz Mixed Forests Bioregion,Petén-Veracruz moist forests,,,-0.098704032,13.34334939,9.330835149,5108,1391,2.388410337,0.509005482,0.646045419,1.429130775,0
AtlasMXA_S912_2025,S912,16.15,-90.89,Mexico:Chiapas:Lacantún,México,Chiapas,Lacantún,40,2500,100,43439,forest: tropical broadleaf forest biome,Yucatan & Veracruz Mixed Forests Bioregion,Petén-Veracruz moist forests,,,1.955136411,11.88701868,30.90016245,2732,607,0.109809663,0.256222548,0.036603221,0,0
AtlasMXA_S913_2025,S913,16.25,-90.83,Mexico:Chiapas:Centro Ecoturistico Ara Macao Las Guacamayas,México,Chiapas,Tlatizapán,40,2500,100,43440,forest: tropical broadleaf forest biome,Yucatan & Veracruz Mixed Forests Bioregion,Petén-Veracruz moist forests,,,1.306230447,13.22188874,21.21567871,7140,1619,0.714285714,1.988795518,0.168067227,1.848739496,0
AtlasMXA_S914_2025,S914,16.1,-91.69,Mexico:Chiapas:Lagos de Monte Bello,México,Chiapas,Laguna de Montebello,40,2500,100,43440,forest: tropical coniferous forest biome,Yucatan & Veracruz Mixed Forests Bioregion,Petén-Veracruz moist forests,,molds_above_5SD_median,1.033892977,5.674049864,3.880605208,7415,967,59.04248146,0.148347943,0.04045853,0.93054619,2.38705327
AtlasMXA_S915_2025,S915,16.55,-93.88,Mexico:Chiapas:Rancho Calimayor,México,Chiapas,Coronel Luis Espinosa,40,2500,100,43441,forest: tropical broadleaf forest biome,Central american Mixed forests bioregion,Chiapas Depression Dry Forests,,,3.458522014,4.34374939,0.845460818,7855,1024,3.2718014,0.114576703,0.076384468,0.534691279,0
AtlasMXA_S916_2025,S916,16.6,-95.02,Mexico:Oaxaca:La Ventosa,México,Oaxaca,La Cueva,40,2500,100,43441,forest: tropical broadleaf forest biome,Mexican Dry & Coniferous Forests Bioregion,Southern Pacific Dry Forests,,,6.129795569,5.070063054,1.905430917,7645,1133,2.249836494,0.915631131,0.654022237,0.104643558,0
AtlasMXA_S917_2025,S917,16.11,-95.32,Mexico:Oaxaca:Morro de Mazatán,México,Oaxaca,Guelaguechi,40,2500,100,43441,forest: tropical broadleaf forest biome,Mexican Dry & Coniferous Forests Bioregion,Southern Pacific Dry Forests,,,6.034679263,6.041548505,23.88370565,4992,957,1.141826923,0.520833333,0.220352564,0.360576923,0
AtlasMXA_S918_2025,S918,15.93,-95.78,Mexico:Oaxaca:El Limón,México,Oaxaca,El Limón,40,2500,100,43442,forest: tropical broadleaf forest biome,Mexican Dry & Coniferous Forests Bioregion,Southern Pacific Dry Forests,,,6.740029111,2.107135083,1.715795587,7239,1177,1.560989087,0.980798453,0.193396878,0.524934383,0
AtlasMXA_S919_2025,S919,15.68,-96.47,Mexico:Oaxaca:Bahia la Boquilla,México,Oaxaca,La Boquilla,40,2500,100,43442,forest: tropical broadleaf forest biome,Mexican Dry & Coniferous Forests Bioregion,Southern Pacific Dry Forests,,,5.406604646,3.690142933,19.32758047,2965,681,4.991568297,2.731871838,0.370994941,0.876897133,0
AtlasMXA_S920_2025,S920,15.72,-96.41,Mexico:Oaxaca:Yolina,México,Oaxaca,Yolina,40,2500,100,43442,forest: tropical broadleaf forest biome,Mexican Dry & Coniferous Forests Bioregion,Southern Pacific Dry Forests,,,5.213558951,2.599783346,52.88059107,4714,1116,4.391175223,0.933389902,0.487908358,0.466694951,0
