"","new.ID","X","sample_id","Composite","tokeep_NEF","pH","CE","Pw","sat","C_org","P","K","Ca","Mg","Na","CIC","Fe","Mn","Cu","Zn","B","X.Sand","X.Silt","X.Cray","code_name","dispositif","loc","landuse","plot","valley","PC1_soil","PC2_soil","x","y","z","tropical_microclimate_daily_value","tropical_microclimate_day_value","tropical_microclimate_night_value","soil_temp_0_5_value","soil_temp_5_15_value","NDVI_value","Colombia_ALOS_Topography_30m_value","HFI","ARD","Aridity","Isoth","SRad","PET","TAP","TPdriest","WVP","Wind","PC1_clim","PC2_clim","samples_aggregation"
"1","NEF_dryf_TAM_2025",1,"P01S07","P01Q1","yes",7.4,0.445,"1.667.219","6.100.033","2.871.784","2.355.158","3.366.689","5.117.088","8.740.717","1.659.209","3.880.127","1.115.798","1.037.534","1.588.245","2.584.177",0.4452049,"4.265.968.691","3.212.684.354","2.521.346.955","P01",2,"TAM","undisturbed","TAM","Patia","190.419.985.362.429","241.418.694.311.166",-77.31,1.674,623,"0","0","0","229.130.382.537.842","215.799.255.371.094",0.586671411991119,0.819414258003235,62.5,138,1.94,91.78,159.45,1400.8,721.4,52.4,2.36,0.96,"-19.087.045.734.332","-318.132.590.402.109","P01S01"
"2","NEF_dryf_TAM_2025",2,"P01S08","P01Q1","yes",7.4,0.445,"1.667.219","6.100.033","2.871.784","2.355.158","3.366.689","5.117.088","8.740.717","1.659.209","3.880.127","1.115.798","1.037.534","1.588.245","2.584.177",0.4452049,"4.265.968.691","3.212.684.354","2.521.346.955","P01",2,"TAM","undisturbed","TAM","Patia","190.419.985.362.429","241.418.694.311.166",-77.31,1.674,623,"0","0","0","229.130.382.537.842","215.799.255.371.094",0.586671411991119,0.819414258003235,62.5,138,1.94,91.78,159.45,1400.8,721.4,52.4,2.36,0.96,"-19.087.045.734.332","-318.132.590.402.109","P01S01"
"3","NEF_dryf_TAM_2025",3,"P01S09","P01Q3","yes",7.24,0.473,"1.965.793","6.967.663","30.431","3.889.133","5.029.116","4.700.519","8.497.054","1.152.825","3.564.626","1.101.067","1.200.219","1.840.686","2.635.612",0.524014,"4.453.060.724","2.610.324.525","2.936.614.751","P01",2,"TAM","undisturbed","TAM","Patia","227.272.593.635.074","279.944.726.999.542",-77.31,1.674,623,"0","0","0","229.130.382.537.842","215.799.255.371.094",0.586671411991119,0.819414258003235,62.5,138,1.94,91.78,159.45,1400.8,721.4,52.4,2.36,0.96,"-190.870.457.343.319","-318.132.590.402.108","P01S09"
"4","NEF_dryf_TAM_2025",4,"P01S10","P01Q3","yes",7.24,0.473,"1.965.793","6.967.663","30.431","3.889.133","5.029.116","4.700.519","8.497.054","1.152.825","3.564.626","1.101.067","1.200.219","1.840.686","2.635.612",0.524014,"4.453.060.724","2.610.324.525","2.936.614.751","P01",2,"TAM","undisturbed","TAM","Patia","227.272.593.635.074","279.944.726.999.542",-77.31,1.674,623,"0","0","0","229.130.382.537.842","215.799.255.371.094",0.586671411991119,0.819414258003235,62.5,138,1.94,91.78,159.45,1400.8,721.4,52.4,2.36,0.96,"-190.870.457.343.319","-318.132.590.402.108","P01S09"
"5","NEF_dryf_TAM_2025",5,"P01S15","P01Q3","yes",7.24,0.473,"1.965.793","6.967.663","30.431","3.889.133","5.029.116","4.700.519","8.497.054","1.152.825","3.564.626","1.101.067","1.200.219","1.840.686","2.635.612",0.524014,"4.453.060.724","2.610.324.525","2.936.614.751","P01",2,"TAM","undisturbed","TAM","Patia","227.272.593.635.074","279.944.726.999.542",-77.31,1.674,623,"0","0","0","229.130.382.537.842","215.799.255.371.094",0.586671411991119,0.819414258003235,62.5,138,1.94,91.78,159.45,1400.8,721.4,52.4,2.36,0.96,"-190.870.457.343.319","-318.132.590.402.108","P01S09"
"15","NEF_dryf_VINC_2025",15,"P03S01","P03Q1","yes",6.93,0.818,"3.460.418","8.276.833","315.621","6.765.978","4.877.124","3.754.016","1.657.378","6.091.749","4.535.885","241.965","1.394.584","3.794.514","4.415.897",0.6581365,"3.544.069.775","3.269.349.438","3.186.580.788","P03",1,"VINC","undisturbed","VINC","Cauca","490.736.615.187.211","24.208.757.143.577",-76.296,3.836,1016,"184.369.258.880.615","197.624.340.057.373","185.750.675.201.416","215.538.578.033.447","210.830.612.182.617",0.871298134326935,0.291250973939896,65,144,0.97,93.3,169.95,1161.3,1192.4,168.5,2.14,0.87,"-337.932.020.314.934","-177.842.037.462.718","P03S01"
"16","NEF_dryf_VINC_2025",16,"P03S02","P03Q1","yes",6.93,0.818,"3.460.418","8.276.833","315.621","6.765.978","4.877.124","3.754.016","1.657.378","6.091.749","4.535.885","241.965","1.394.584","3.794.514","4.415.897",0.6581365,"3.544.069.775","3.269.349.438","3.186.580.788","P03",1,"VINC","undisturbed","VINC","Cauca","490.736.615.187.211","24.208.757.143.577",-76.296,3.836,1016,"184.369.258.880.615","197.624.340.057.373","185.750.675.201.416","215.538.578.033.447","210.830.612.182.617",0.871298134326935,0.291250973939896,65,144,0.97,93.3,169.95,1161.3,1192.4,168.5,2.14,0.87,"-337.932.020.314.934","-177.842.037.462.718","P03S01"
"17","NEF_dryf_VINC_2025",17,"P03S06","P03Q2","yes",6.92,0.957,"5.126.655","9.461.399","4.480.909","4.980.482","3.111.833","5.109.864","2.137.816","1.605.284","4.153.838","2.857.616","1.113.102","4.237.024","5.228.369",0.8626832,"3.650.349.871","2.901.495.921","3.448.154.207","P03",1,"VINC","undisturbed","VINC","Cauca","656.331.745.523.152","230.133.048.995.055",-76.296,3.836,1016,"184.369.258.880.615","197.624.340.057.373","185.750.675.201.416","215.538.578.033.447","210.830.612.182.617",0.871298134326935,0.291250973939896,65,144,0.97,93.3,169.95,1161.3,1192.4,168.5,2.14,0.87,"-337.932.020.314.934","-177.842.037.462.718","P03S05"
"18","NEF_dryf_VINC_2025",18,"P03S07","P03Q2","yes",6.92,0.957,"5.126.655","9.461.399","4.480.909","4.980.482","3.111.833","5.109.864","2.137.816","1.605.284","4.153.838","2.857.616","1.113.102","4.237.024","5.228.369",0.8626832,"3.650.349.871","2.901.495.921","3.448.154.207","P03",1,"VINC","undisturbed","VINC","Cauca","656.331.745.523.152","230.133.048.995.055",-76.296,3.836,1016,"184.369.258.880.615","197.624.340.057.373","185.750.675.201.416","215.538.578.033.447","210.830.612.182.617",0.871298134326935,0.291250973939896,65,144,0.97,93.3,169.95,1161.3,1192.4,168.5,2.14,0.87,"-337.932.020.314.934","-177.842.037.462.718","P03S05"
"19","NEF_dryf_VINC_2025",19,"P03S08","P03Q2","yes",6.92,0.957,"5.126.655","9.461.399","4.480.909","4.980.482","3.111.833","5.109.864","2.137.816","1.605.284","4.153.838","2.857.616","1.113.102","4.237.024","5.228.369",0.8626832,"3.650.349.871","2.901.495.921","3.448.154.207","P03",1,"VINC","undisturbed","VINC","Cauca","656.331.745.523.152","230.133.048.995.055",-76.296,3.836,1016,"184.369.258.880.615","197.624.340.057.373","185.750.675.201.416","215.538.578.033.447","210.830.612.182.617",0.871298134326935,0.291250973939896,65,144,0.97,93.3,169.95,1161.3,1192.4,168.5,2.14,0.87,"-337.932.020.314.934","-177.842.037.462.718","P03S05"
"20","NEF_dryf_VINC_2025",20,"P03S09","P03Q3","yes",6.66,0.747,"3.959.146","8.663.262","3.522.959","4.684.616","1.918.129","4300.68","1.619.806","1.262.688","3.568.504","2.094.174","114.222","2.832.679","4.497.897",0.7346252,"35.129.491","4.116.782.439","2.370.268.461","P03",1,"VINC","undisturbed","VINC","Cauca","453.207.647.645.255","105.179.223.050.825",-76.296,3.836,1016,"184.369.258.880.615","197.624.340.057.373","185.750.675.201.416","215.538.578.033.447","210.830.612.182.617",0.871298134326935,0.291250973939896,65,144,0.97,93.3,169.95,1161.3,1192.4,168.5,2.14,0.87,"-337.932.020.314.934","-177.842.037.462.718","P03S09"
"21","NEF_dryf_VINC_2025",21,"P03S10","P03Q3","yes",6.66,0.747,"3.959.146","8.663.262","3.522.959","4.684.616","1.918.129","4300.68","1.619.806","1.262.688","3.568.504","2.094.174","114.222","2.832.679","4.497.897",0.7346252,"35.129.491","4.116.782.439","2.370.268.461","P03",1,"VINC","undisturbed","VINC","Cauca","453.207.647.645.255","105.179.223.050.825",-76.296,3.836,1016,"184.369.258.880.615","197.624.340.057.373","185.750.675.201.416","215.538.578.033.447","210.830.612.182.617",0.871298134326935,0.291250973939896,65,144,0.97,93.3,169.95,1161.3,1192.4,168.5,2.14,0.87,"-337.932.020.314.934","-177.842.037.462.718","P03S09"
"22","NEF_dryf_VINC_2025",22,"P03S11","P03Q3","yes",6.66,0.747,"3.959.146","8.663.262","3.522.959","4.684.616","1.918.129","4300.68","1.619.806","1.262.688","3.568.504","2.094.174","114.222","2.832.679","4.497.897",0.7346252,"35.129.491","4.116.782.439","2.370.268.461","P03",1,"VINC","undisturbed","VINC","Cauca","453.207.647.645.255","105.179.223.050.825",-76.296,3.836,1016,"184.369.258.880.615","197.624.340.057.373","185.750.675.201.416","215.538.578.033.447","210.830.612.182.617",0.871298134326935,0.291250973939896,65,144,0.97,93.3,169.95,1161.3,1192.4,168.5,2.14,0.87,"-337.932.020.314.934","-177.842.037.462.718","P03S09"
"23","NEF_dryf_VINC_2025",23,"P03S12","P03Q3","yes",6.66,0.747,"3.959.146","8.663.262","3.522.959","4.684.616","1.918.129","4300.68","1.619.806","1.262.688","3.568.504","2.094.174","114.222","2.832.679","4.497.897",0.7346252,"35.129.491","4.116.782.439","2.370.268.461","P03",1,"VINC","undisturbed","VINC","Cauca","453.207.647.645.255","105.179.223.050.825",-76.296,3.836,1016,"184.369.258.880.615","197.624.340.057.373","185.750.675.201.416","215.538.578.033.447","210.830.612.182.617",0.871298134326935,0.291250973939896,65,144,0.97,93.3,169.95,1161.3,1192.4,168.5,2.14,0.87,"-337.932.020.314.934","-177.842.037.462.718","P03S09"
"24","NEF_dryf_VINC_2025",24,"P03S13","P03Q4","yes",5.85,0.455,"2.980.547","7.551.907","2.989.752","209.365","1.713.081","2.933.454","1.918.252","9.334.156","2.998.682","6.523.735","2.661.903","4.255.568","4.692.412",0.4858073,"3.368.052.588","3.872.068.819","2.759.878.593","P03",1,"VINC","undisturbed","VINC","Cauca","374.554.743.898.034","-0.618372117796878",-76.296,3.836,1016,"184.369.258.880.615","197.624.340.057.373","185.750.675.201.416","215.538.578.033.447","210.830.612.182.617",0.871298134326935,0.291250973939896,65,144,0.97,93.3,169.95,1161.3,1192.4,168.5,2.14,0.87,"-337.932.020.314.934","-177.842.037.462.718","P03S13"
"25","NEF_dryf_VINC_2025",25,"P03S14","P03Q4","yes",5.85,0.455,"2.980.547","7.551.907","2.989.752","209.365","1.713.081","2.933.454","1.918.252","9.334.156","2.998.682","6.523.735","2.661.903","4.255.568","4.692.412",0.4858073,"3.368.052.588","3.872.068.819","2.759.878.593","P03",1,"VINC","undisturbed","VINC","Cauca","374.554.743.898.034","-0.618372117796878",-76.296,3.836,1016,"184.369.258.880.615","197.624.340.057.373","185.750.675.201.416","215.538.578.033.447","210.830.612.182.617",0.871298134326935,0.291250973939896,65,144,0.97,93.3,169.95,1161.3,1192.4,168.5,2.14,0.87,"-337.932.020.314.934","-177.842.037.462.718","P03S13"
"26","NEF_dryf_VINC_2025",26,"P03S15","P03Q4","yes",5.85,0.455,"2.980.547","7.551.907","2.989.752","209.365","1.713.081","2.933.454","1.918.252","9.334.156","2.998.682","6.523.735","2.661.903","4.255.568","4.692.412",0.4858073,"3.368.052.588","3.872.068.819","2.759.878.593","P03",1,"VINC","undisturbed","VINC","Cauca","374.554.743.898.034","-0.618372117796878",-76.296,3.836,1016,"184.369.258.880.615","197.624.340.057.373","185.750.675.201.416","215.538.578.033.447","210.830.612.182.617",0.871298134326935,0.291250973939896,65,144,0.97,93.3,169.95,1161.3,1192.4,168.5,2.14,0.87,"-337.932.020.314.934","-177.842.037.462.718","P03S13"
"27","NEF_dryf_VINC_2025",27,"P03S16","P03Q4","yes",5.85,0.455,"2.980.547","7.551.907","2.989.752","209.365","1.713.081","2.933.454","1.918.252","9.334.156","2.998.682","6.523.735","2.661.903","4.255.568","4.692.412",0.4858073,"3.368.052.588","3.872.068.819","2.759.878.593","P03",1,"VINC","undisturbed","VINC","Cauca","374.554.743.898.034","-0.618372117796878",-76.296,3.836,1016,"184.369.258.880.615","197.624.340.057.373","185.750.675.201.416","215.538.578.033.447","210.830.612.182.617",0.871298134326935,0.291250973939896,65,144,0.97,93.3,169.95,1161.3,1192.4,168.5,2.14,0.87,"-337.932.020.314.934","-177.842.037.462.718","P03S13"
"43","NEF_dryf_MATGUA_2025",43,"P05S01","P05Q1","yes",6.46,0.74,"7.161.575","7.858.515","3.183.829","1.828.276","6.141.151","5.484.997","1.594.144","1.174.277","446.182","2.759.903","9.142.812","3.950.833","4.227.738",0.9333133,"4.813.379.591","3.171.982.875","2.014.637.534","P05",4,"MATGUA","undisturbed","MATGUA","Cauca","559.240.435.173.922","276.225.312.259.366",-76.159,4.028,1180,"19.054.313.659.668","198.354.015.350.342","178.402.442.932.129","202.220.497.131.348","199.559.097.290.039",0.858583867549896,0.662108242511749,NA,NA,NA,NA,NA,NA,NA,NA,NA,NA,"-11.910.222.140.221","-107.928.793.023.739","P05S01"
"44","NEF_dryf_MATGUA_2025",44,"P05S02","P05Q1","yes",6.46,0.74,"7.161.575","7.858.515","3.183.829","1.828.276","6.141.151","5.484.997","1.594.144","1.174.277","446.182","2.759.903","9.142.812","3.950.833","4.227.738",0.9333133,"4.813.379.591","3.171.982.875","2.014.637.534","P05",4,"MATGUA","undisturbed","MATGUA","Cauca","559.240.435.173.922","276.225.312.259.366",-76.159,4.028,1180,"19.054.313.659.668","198.354.015.350.342","178.402.442.932.129","202.220.497.131.348","199.559.097.290.039",0.858583867549896,0.662108242511749,NA,NA,NA,NA,NA,NA,NA,NA,NA,NA,"-11.910.222.140.221","-107.928.793.023.739","P05S01"
"45","NEF_dryf_MATGUA_2025",45,"P05S03","P05Q2","yes",6.2,0.658,"4.529.812","8.536.601","291.016","4.539.185","4.447.973","4.902.124","1.622.401","1.000.141","4.738.588","3.674.055","1.487.292","4.702.378","4.549.346",0.7342491,"4.522.637.699","309.408.267","2.383.279.631","P05",4,"MATGUA","undisturbed","MATGUA","Cauca","50.284.281.561.518","186.013.588.351.589",-76.159,4.028,1180,"19.054.313.659.668","198.354.015.350.342","178.402.442.932.129","202.220.497.131.348","199.559.097.290.039",0.858583867549896,0.662108242511749,NA,NA,NA,NA,NA,NA,NA,NA,NA,NA,"-11.910.222.140.221","-107.928.793.023.739","P05S03"
"46","NEF_dryf_MATGUA_2025",46,"P05S04","P05Q2","yes",6.2,0.658,"4.529.812","8.536.601","291.016","4.539.185","4.447.973","4.902.124","1.622.401","1.000.141","4.738.588","3.674.055","1.487.292","4.702.378","4.549.346",0.7342491,"4.522.637.699","309.408.267","2.383.279.631","P05",4,"MATGUA","undisturbed","MATGUA","Cauca","50.284.281.561.518","186.013.588.351.589",-76.159,4.028,1180,"19.054.313.659.668","198.354.015.350.342","178.402.442.932.129","202.220.497.131.348","199.559.097.290.039",0.858583867549896,0.662108242511749,NA,NA,NA,NA,NA,NA,NA,NA,NA,NA,"-11.910.222.140.221","-107.928.793.023.739","P05S03"
"47","NEF_dryf_MATGUA_2025",47,"P05S05","P05Q3","yes",6.37,0.739,"3.488.678","9.313.981","2.348.928","6.132.221","3.408.213","4.811.081","1487.53","2.021.341","3.632.658","3.060.429","2.111.314","469.611","4.396.199",0.9272094,"4.577.193.104","3.063.265.112","2.359.541.784","P05",4,"MATGUA","undisturbed","MATGUA","Cauca","454.421.116.427.115","181.864.484.821.611",-76.159,4.028,1180,"19.054.313.659.668","198.354.015.350.342","178.402.442.932.129","202.220.497.131.348","199.559.097.290.039",0.858583867549896,0.662108242511749,NA,NA,NA,NA,NA,NA,NA,NA,NA,NA,"-11.910.222.140.221","-107.928.793.023.739","P05S05"
"48","NEF_dryf_MATGUA_2025",48,"P05S06","P05Q3","yes",6.37,0.739,"3.488.678","9.313.981","2.348.928","6.132.221","3.408.213","4.811.081","1487.53","2.021.341","3.632.658","3.060.429","2.111.314","469.611","4.396.199",0.9272094,"4.577.193.104","3.063.265.112","2.359.541.784","P05",4,"MATGUA","undisturbed","MATGUA","Cauca","454.421.116.427.115","181.864.484.821.611",-76.159,4.028,1180,"19.054.313.659.668","198.354.015.350.342","178.402.442.932.129","202.220.497.131.348","199.559.097.290.039",0.858583867549896,0.662108242511749,NA,NA,NA,NA,NA,NA,NA,NA,NA,NA,"-11.910.222.140.221","-107.928.793.023.739","P05S05"
"49","NEF_dryf_MATGUA_2025",49,"P05S07","P05Q3","yes",6.37,0.739,"3.488.678","9.313.981","2.348.928","6.132.221","3.408.213","4.811.081","1487.53","2.021.341","3.632.658","3.060.429","2.111.314","469.611","4.396.199",0.9272094,"4.577.193.104","3.063.265.112","2.359.541.784","P05",4,"MATGUA","undisturbed","MATGUA","Cauca","454.421.116.427.115","181.864.484.821.611",-76.159,4.028,1180,"19.054.313.659.668","198.354.015.350.342","178.402.442.932.129","202.220.497.131.348","199.559.097.290.039",0.858583867549896,0.662108242511749,NA,NA,NA,NA,NA,NA,NA,NA,NA,NA,"-11.910.222.140.221","-107.928.793.023.739","P05S05"
"50","NEF_dryf_MATGUA_2025",50,"P05S08","P05Q3","yes",6.37,0.739,"3.488.678","9.313.981","2.348.928","6.132.221","3.408.213","4.811.081","1487.53","2.021.341","3.632.658","3.060.429","2.111.314","469.611","4.396.199",0.9272094,"4.577.193.104","3.063.265.112","2.359.541.784","P05",4,"MATGUA","undisturbed","MATGUA","Cauca","454.421.116.427.115","181.864.484.821.611",-76.159,4.028,1180,"19.054.313.659.668","198.354.015.350.342","178.402.442.932.129","202.220.497.131.348","199.559.097.290.039",0.858583867549896,0.662108242511749,NA,NA,NA,NA,NA,NA,NA,NA,NA,NA,"-11.910.222.140.221","-107.928.793.023.739","P05S05"
"51","NEF_dryf_MATGUA_2025",51,"P05S09","P05Q2","yes",6.2,0.658,"4.529.812","8.536.601","291.016","4.539.185","4.447.973","4.902.124","1.622.401","1.000.141","4.738.588","3.674.055","1.487.292","4.702.378","4.549.346",0.7342491,"4.522.637.699","309.408.267","2.383.279.631","P05",4,"MATGUA","undisturbed","MATGUA","Cauca","50.284.281.561.518","186.013.588.351.589",-76.159,4.028,1180,"19.054.313.659.668","198.354.015.350.342","178.402.442.932.129","202.220.497.131.348","199.559.097.290.039",0.858583867549896,0.662108242511749,NA,NA,NA,NA,NA,NA,NA,NA,NA,NA,"-11.910.222.140.221","-107.928.793.023.739","P05S03"
"52","NEF_dryf_MATGUA_2025",52,"P05S10","P05Q2","yes",6.2,0.658,"4.529.812","8.536.601","291.016","4.539.185","4.447.973","4.902.124","1.622.401","1.000.141","4.738.588","3.674.055","1.487.292","4.702.378","4.549.346",0.7342491,"4.522.637.699","309.408.267","2.383.279.631","P05",4,"MATGUA","undisturbed","MATGUA","Cauca","50.284.281.561.518","186.013.588.351.589",-76.159,4.028,1180,"19.054.313.659.668","198.354.015.350.342","178.402.442.932.129","202.220.497.131.348","199.559.097.290.039",0.858583867549896,0.662108242511749,NA,NA,NA,NA,NA,NA,NA,NA,NA,NA,"-11.910.222.140.221","-107.928.793.023.739","P05S03"
"53","NEF_dryf_MATGUA_2025",53,"P05S11","P05Q1","yes",6.46,0.74,"7.161.575","7.858.515","3.183.829","1.828.276","6.141.151","5.484.997","1.594.144","1.174.277","446.182","2.759.903","9.142.812","3.950.833","4.227.738",0.9333133,"4.813.379.591","3.171.982.875","2.014.637.534","P05",4,"MATGUA","undisturbed","MATGUA","Cauca","559.240.435.173.922","276.225.312.259.366",-76.159,4.028,1180,"19.054.313.659.668","198.354.015.350.342","178.402.442.932.129","202.220.497.131.348","199.559.097.290.039",0.858583867549896,0.662108242511749,NA,NA,NA,NA,NA,NA,NA,NA,NA,NA,"-11.910.222.140.221","-107.928.793.023.739","P05S01"
"54","NEF_dryf_MATGUA_2025",54,"P05S12","P05Q1","yes",6.46,0.74,"7.161.575","7.858.515","3.183.829","1.828.276","6.141.151","5.484.997","1.594.144","1.174.277","446.182","2.759.903","9.142.812","3.950.833","4.227.738",0.9333133,"4.813.379.591","3.171.982.875","2.014.637.534","P05",4,"MATGUA","undisturbed","MATGUA","Cauca","559.240.435.173.922","276.225.312.259.366",-76.159,4.028,1180,"19.054.313.659.668","198.354.015.350.342","178.402.442.932.129","202.220.497.131.348","199.559.097.290.039",0.858583867549896,0.662108242511749,NA,NA,NA,NA,NA,NA,NA,NA,NA,NA,"-11.910.222.140.221","-107.928.793.023.739","P05S01"
"55","NEF_dryf_MATGUA_2025",55,"P05S14","P05Q4","yes",6.28,0.65,"4.418.658","8.875.586","3.101.549","5","4.059.505","5.150.797","1.330.037","9.341.293","3.264.442","3.723.444","1.511.753","3.832.165","484.419",0.7143216,"3.066.600.932","3.926.141.789","3.007.257.278","P05",4,"MATGUA","undisturbed","MATGUA","Cauca","518.401.723.738.349","11.679.897.848.867",-76.159,4.028,1180,"19.054.313.659.668","198.354.015.350.342","178.402.442.932.129","202.220.497.131.348","199.559.097.290.039",0.858583867549896,0.662108242511749,NA,NA,NA,NA,NA,NA,NA,NA,NA,NA,"-11.910.222.140.221","-107.928.793.023.739","P05S13"
"56","NEF_dryf_MATGUA_2025",56,"P05S15","P05Q4","yes",6.28,0.65,"4.418.658","8.875.586","3.101.549","5","4.059.505","5.150.797","1.330.037","9.341.293","3.264.442","3.723.444","1.511.753","3.832.165","484.419",0.7143216,"3.066.600.932","3.926.141.789","3.007.257.278","P05",4,"MATGUA","undisturbed","MATGUA","Cauca","518.401.723.738.349","11.679.897.848.867",-76.159,4.028,1180,"19.054.313.659.668","198.354.015.350.342","178.402.442.932.129","202.220.497.131.348","199.559.097.290.039",0.858583867549896,0.662108242511749,NA,NA,NA,NA,NA,NA,NA,NA,NA,NA,"-11.910.222.140.221","-107.928.793.023.739","P05S13"
"57","NEF_dryf_MATGUA_2025",57,"P05S16","P05Q4","yes",6.28,0.65,"4.418.658","8.875.586","3.101.549","5","4.059.505","5.150.797","1.330.037","9.341.293","3.264.442","3.723.444","1.511.753","3.832.165","484.419",0.7143216,"3.066.600.932","3.926.141.789","3.007.257.278","P05",4,"MATGUA","undisturbed","MATGUA","Cauca","518.401.723.738.349","11.679.897.848.867",-76.159,4.028,1180,"19.054.313.659.668","198.354.015.350.342","178.402.442.932.129","202.220.497.131.348","199.559.097.290.039",0.858583867549896,0.662108242511749,NA,NA,NA,NA,NA,NA,NA,NA,NA,NA,"-11.910.222.140.221","-107.928.793.023.739","P05S13"
"65","NEF_dryf_TAME_2025",65,"P07S01","P07Q1","yes",5.8,0.415,"3.565.984","8.803.109","3.406.622","2.589.675","1.311.125","2.160.318","5.500.908","3.935.507","3.436.578","6.440.354","4.716.125","2.221.076","4.831.353",0.489124,"4.987.406.239","3.728.375.605","1.284.218.156","P07",1,"TAME","undisturbed","TAME","cauca","227.887.732.057.898","-22.268.370.684.569",-75.666,5.784,764,"0","0","0","239.027.423.858.643","234.907.741.546.631",0.885101139545441,0.430832982063293,74,180,0.64,90.27,176.36,1397.9,2183,285.8,2.38,0.79,"-289.783.127.079.665","150.466.164.115.678","P07S01"
"66","NEF_dryf_TAME_2025",66,"P07S02","P07Q1","yes",5.8,0.415,"3.565.984","8.803.109","3.406.622","2.589.675","1.311.125","2.160.318","5.500.908","3.935.507","3.436.578","6.440.354","4.716.125","2.221.076","4.831.353",0.489124,"4.987.406.239","3.728.375.605","1.284.218.156","P07",1,"TAME","undisturbed","TAME","cauca","227.887.732.057.898","-22.268.370.684.569",-75.666,5.784,764,"0","0","0","239.027.423.858.643","234.907.741.546.631",0.885101139545441,0.430832982063293,74,180,0.64,90.27,176.36,1397.9,2183,285.8,2.38,0.79,"-289.783.127.079.665","150.466.164.115.678","P07S01"
"67","NEF_dryf_TAME_2025",67,"P07S03","P07Q1","yes",5.8,0.415,"3.565.984","8.803.109","3.406.622","2.589.675","1.311.125","2.160.318","5.500.908","3.935.507","3.436.578","6.440.354","4.716.125","2.221.076","4.831.353",0.489124,"4.987.406.239","3.728.375.605","1.284.218.156","P07",1,"TAME","undisturbed","TAME","cauca","227.887.732.057.898","-22.268.370.684.569",-75.666,5.784,764,"0","0","0","239.027.423.858.643","234.907.741.546.631",0.885101139545441,0.430832982063293,74,180,0.64,90.27,176.36,1397.9,2183,285.8,2.38,0.79,"-289.783.127.079.665","150.466.164.115.678","P07S01"
"68","NEF_dryf_TAME_2025",68,"P07S04","P07Q1","yes",5.8,0.415,"3.565.984","8.803.109","3.406.622","2.589.675","1.311.125","2.160.318","5.500.908","3.935.507","3.436.578","6.440.354","4.716.125","2.221.076","4.831.353",0.489124,"4.987.406.239","3.728.375.605","1.284.218.156","P07",1,"TAME","undisturbed","TAME","cauca","227.887.732.057.898","-22.268.370.684.569",-75.666,5.784,764,"0","0","0","239.027.423.858.643","234.907.741.546.631",0.885101139545441,0.430832982063293,74,180,0.64,90.27,176.36,1397.9,2183,285.8,2.38,0.79,"-289.783.127.079.665","150.466.164.115.678","P07S01"
"69","NEF_dryf_TAME_2025",69,"P07S07","P07Q2","yes",5.95,0.498,"3.376.036","8.442.376","3.664.973","1.838.473","1.837.509","2.741.032","6.494.227","3.506.515","3.259.289","6.296.986","3.363.381","2.085.301","5.855.839",0.5094423,"4.376.343.501","3.721.537.482","1.902.119.017","P07",1,"TAME","undisturbed","TAME","cauca","269.461.258.226.113","-153.609.955.827.914",-75.666,5.784,764,"0","0","0","239.027.423.858.643","234.907.741.546.631",0.885101139545441,0.430832982063293,74,180,0.64,90.27,176.36,1397.9,2183,285.8,2.38,0.79,"-289.783.127.079.665","150.466.164.115.678","P07S05"
"70","NEF_dryf_TAME_2025",70,"P07S08","P07Q2","yes",5.95,0.498,"3.376.036","8.442.376","3.664.973","1.838.473","1.837.509","2.741.032","6.494.227","3.506.515","3.259.289","6.296.986","3.363.381","2.085.301","5.855.839",0.5094423,"4.376.343.501","3.721.537.482","1.902.119.017","P07",1,"TAME","undisturbed","TAME","cauca","269.461.258.226.113","-153.609.955.827.914",-75.666,5.784,764,"0","0","0","239.027.423.858.643","234.907.741.546.631",0.885101139545441,0.430832982063293,74,180,0.64,90.27,176.36,1397.9,2183,285.8,2.38,0.79,"-289.783.127.079.665","150.466.164.115.678","P07S05"
"71","NEF_dryf_TAME_2025",71,"P07S09","P07Q3","yes",5.95,0.449,"4.693.844","8.201.018","3.273.451","3.234.622","204.532","3.100.787","6.758.197","3.312.513","3.533.863","6.536.372","3.042.131","8.766.226","1.234.236",0.5583647,"388.587.936","4.397.141.641","1.716.978.999","P07",1,"TAME","undisturbed","TAME","cauca","409.536.843.697.671","-179.707.626.465.981",-75.666,5.784,764,"0","0","0","239.027.423.858.643","234.907.741.546.631",0.885101139545441,0.430832982063293,74,180,0.64,90.27,176.36,1397.9,2183,285.8,2.38,0.79,"-289.783.127.079.665","150.466.164.115.678","P07S09"
"72","NEF_dryf_TAME_2025",72,"P07S13","P07Q4","yes",6.23,0.612,"2.553.458","7.349.664","3.944.961","3.706.362","2.605.432","3.005.795","6.288.045","3.431.439","2.768.455","6.765.944","6.563.708","1.821.349","7.983.377",0.4085749,"4.010.877.884","4.307.245.441","1.681.876.676","P07",1,"TAME","undisturbed","TAME","cauca","258.836.520.714.148","-194.448.248.224.007",-75.666,5.784,764,"0","0","0","239.027.423.858.643","234.907.741.546.631",0.885101139545441,0.430832982063293,74,180,0.64,90.27,176.36,1397.9,2183,285.8,2.38,0.79,"-289.783.127.079.665","150.466.164.115.678","P07S13"
"73","NEF_dryf_TAME_2025",73,"P07S14","P07Q4","yes",6.23,0.612,"2.553.458","7.349.664","3.944.961","3.706.362","2.605.432","3.005.795","6.288.045","3.431.439","2.768.455","6.765.944","6.563.708","1.821.349","7.983.377",0.4085749,"4.010.877.884","4.307.245.441","1.681.876.676","P07",1,"TAME","undisturbed","TAME","cauca","258.836.520.714.148","-194.448.248.224.007",-75.666,5.784,764,"0","0","0","239.027.423.858.643","234.907.741.546.631",0.885101139545441,0.430832982063293,74,180,0.64,90.27,176.36,1397.9,2183,285.8,2.38,0.79,"-289.783.127.079.665","150.466.164.115.678","P07S13"
"74","NEF_dryf_TAME_2025",74,"P07S16","P07Q4","yes",6.23,0.612,"2.553.458","7.349.664","3.944.961","3.706.362","2.605.432","3.005.795","6.288.045","3.431.439","2.768.455","6.765.944","6.563.708","1.821.349","7.983.377",0.4085749,"4.010.877.884","4.307.245.441","1.681.876.676","P07",1,"TAME","undisturbed","TAME","cauca","258.836.520.714.148","-194.448.248.224.007",-75.666,5.784,764,"0","0","0","239.027.423.858.643","234.907.741.546.631",0.885101139545441,0.430832982063293,74,180,0.64,90.27,176.36,1397.9,2183,285.8,2.38,0.79,"-289.783.127.079.665","150.466.164.115.678","P07S13"
"91","NEF_dryf_COTO_2025",91,"P09S01","P09Q1","yes",6.86,0.442,"1.941.829","8.155.346","2.574.339","657.798","1.096.078","3.809.682","1.402.189","9.598.843","289.766","1.394.197","1.389.202","2.471.478","6.766.899",0.5380318,"5.269.898.997","326.213.871","1.467.962.293","P09",2,"COTO","undisturbed","COTO","Cauca","160.535.172.814.549","0.854764038736237",-75.832,6.532,537,"0","0","0","245.224.990.844.727","242.368.392.944.336",0.805598616600037,0.372548818588257,72.5,146,1.43,87.29,178.49,1712.8,1193.8,112.7,2.55,0.83,"-0.195439059446307","-0.0664584479380031","P09S01"
"92","NEF_dryf_COTO_2025",92,"P09S02","P09Q1","yes",6.86,0.442,"1.941.829","8.155.346","2.574.339","657.798","1.096.078","3.809.682","1.402.189","9.598.843","289.766","1.394.197","1.389.202","2.471.478","6.766.899",0.5380318,"5.269.898.997","326.213.871","1.467.962.293","P09",2,"COTO","undisturbed","COTO","Cauca","160.535.172.814.549","0.854764038736237",-75.832,6.532,537,"0","0","0","245.224.990.844.727","242.368.392.944.336",0.805598616600037,0.372548818588257,72.5,146,1.43,87.29,178.49,1712.8,1193.8,112.7,2.55,0.83,"-0.195439059446307","-0.0664584479380031","P09S01"
"93","NEF_dryf_COTO_2025",93,"P09S04","P09Q2","yes",7.11,0.412,"1.616.742","5.927.643","2.022.042","1.862.251","1.153.513","3.432.902","1.128.708","7.507.445","2.780.519","1.043.218","1.203.549","1.555.956","434.249",0.4140029,"5.894.683.463","3.048.502.458","1.056.814.079","P09",2,"COTO","undisturbed","COTO","Cauca","-0.245511295329638","121.164.306.529.308",-75.832,6.532,537,"0","0","0","245.224.990.844.727","242.368.392.944.336",0.805598616600037,0.372548818588257,72.5,146,1.43,87.29,178.49,1712.8,1193.8,112.7,2.55,0.83,"-0.195439059446307","-0.0664584479380031","P09S03"
"94","NEF_dryf_COTO_2025",94,"P09S05","P09Q2","yes",7.11,0.412,"1.616.742","5.927.643","2.022.042","1.862.251","1.153.513","3.432.902","1.128.708","7.507.445","2.780.519","1.043.218","1.203.549","1.555.956","434.249",0.4140029,"5.894.683.463","3.048.502.458","1.056.814.079","P09",2,"COTO","undisturbed","COTO","Cauca","-0.245511295329638","121.164.306.529.308",-75.832,6.532,537,"0","0","0","245.224.990.844.727","242.368.392.944.336",0.805598616600037,0.372548818588257,72.5,146,1.43,87.29,178.49,1712.8,1193.8,112.7,2.55,0.83,"-0.195439059446307","-0.0664584479380031","P09S03"
"95","NEF_dryf_COTO_2025",95,"P09S06","P09Q2","yes",7.11,0.412,"1.616.742","5.927.643","2.022.042","1.862.251","1.153.513","3.432.902","1.128.708","7.507.445","2.780.519","1.043.218","1.203.549","1.555.956","434.249",0.4140029,"5.894.683.463","3.048.502.458","1.056.814.079","P09",2,"COTO","undisturbed","COTO","Cauca","-0.245511295329638","121.164.306.529.308",-75.832,6.532,537,"0","0","0","245.224.990.844.727","242.368.392.944.336",0.805598616600037,0.372548818588257,72.5,146,1.43,87.29,178.49,1712.8,1193.8,112.7,2.55,0.83,"-0.195439059446307","-0.0664584479380031","P09S03"
"96","NEF_dryf_COTO_2025",96,"P09S07","P09Q1","yes",6.86,0.442,"1.941.829","8.155.346","2.574.339","657.798","1.096.078","3.809.682","1.402.189","9.598.843","289.766","1.394.197","1.389.202","2.471.478","6.766.899",0.5380318,"5.269.898.997","326.213.871","1.467.962.293","P09",2,"COTO","undisturbed","COTO","Cauca","160.535.172.814.549","0.854764038736237",-75.832,6.532,537,"0","0","0","245.224.990.844.727","242.368.392.944.336",0.805598616600037,0.372548818588257,72.5,146,1.43,87.29,178.49,1712.8,1193.8,112.7,2.55,0.83,"-0.195439059446307","-0.0664584479380031","P09S01"
"97","NEF_dryf_COTO_2025",97,"P09S08","P09Q1","yes",6.86,0.442,"1.941.829","8.155.346","2.574.339","657.798","1.096.078","3.809.682","1.402.189","9.598.843","289.766","1.394.197","1.389.202","2.471.478","6.766.899",0.5380318,"5.269.898.997","326.213.871","1.467.962.293","P09",2,"COTO","undisturbed","COTO","Cauca","160.535.172.814.549","0.854764038736237",-75.832,6.532,537,"0","0","0","245.224.990.844.727","242.368.392.944.336",0.805598616600037,0.372548818588257,72.5,146,1.43,87.29,178.49,1712.8,1193.8,112.7,2.55,0.83,"-0.195439059446307","-0.0664584479380031","P09S01"
"98","NEF_dryf_COTO_2025",98,"P09S09","P09Q3","yes",6.85,0.483,"1.549.156","6.431.447","1.947.668","1.510.333","1.172.283","3.345.186","1.111.125","815.846","3.162.291","1.438.505","1.260.286","1.876.222","3.572.093",0.410842,"5.085.020.697","3.452.671.496","1.462.307.807","P09",2,"COTO","undisturbed","COTO","Cauca","0.536160377029766","0.961404843417485",-75.832,6.532,537,"0","0","0","245.224.990.844.727","242.368.392.944.336",0.805598616600037,0.372548818588257,72.5,146,1.43,87.29,178.49,1712.8,1193.8,112.7,2.55,0.83,"-0.195439059446307","-0.0664584479380031","P09S09"
"99","NEF_dryf_COTO_2025",99,"P09S11","P09Q4","yes",6.81,0.628,"1.939.167","7.815.336","3.239.566","1.033.138","1.685.401","3.997.907","1.436.117","8.758.614","3.338.883","2.105.064","1.248.164","1.564.358","3.641.267",0.9561635,"5.270.022.511","3.669.810.194","1.060.167.294","P09",2,"COTO","undisturbed","COTO","Cauca","254.282.444.371.074","14.518.357.944.267",-75.832,6.532,537,"0","0","0","245.224.990.844.727","242.368.392.944.336",0.805598616600037,0.372548818588257,72.5,146,1.43,87.29,178.49,1712.8,1193.8,112.7,2.55,0.83,"-0.195439059446307","-0.0664584479380031","P09S11"
"100","NEF_dryf_COTO_2025",100,"P09S12","P09Q4","yes",6.81,0.628,"1.939.167","7.815.336","3.239.566","1.033.138","1.685.401","3.997.907","1.436.117","8.758.614","3.338.883","2.105.064","1.248.164","1.564.358","3.641.267",0.9561635,"5.270.022.511","3.669.810.194","1.060.167.294","P09",2,"COTO","undisturbed","COTO","Cauca","254.282.444.371.074","14.518.357.944.267",-75.832,6.532,537,"0","0","0","245.224.990.844.727","242.368.392.944.336",0.805598616600037,0.372548818588257,72.5,146,1.43,87.29,178.49,1712.8,1193.8,112.7,2.55,0.83,"-0.195439059446307","-0.0664584479380031","P09S11"
"101","NEF_dryf_COTO_2025",101,"P09S13","P09Q4","yes",6.81,0.628,"1.939.167","7.815.336","3.239.566","1.033.138","1.685.401","3.997.907","1.436.117","8.758.614","3.338.883","2.105.064","1.248.164","1.564.358","3.641.267",0.9561635,"5.270.022.511","3.669.810.194","1.060.167.294","P09",2,"COTO","undisturbed","COTO","Cauca","254.282.444.371.074","14.518.357.944.267",-75.832,6.532,537,"0","0","0","245.224.990.844.727","242.368.392.944.336",0.805598616600037,0.372548818588257,72.5,146,1.43,87.29,178.49,1712.8,1193.8,112.7,2.55,0.83,"-0.195439059446307","-0.0664584479380031","P09S11"
"102","NEF_dryf_COTO_2025",102,"P09S14","P09Q4","yes",6.81,0.628,"1.939.167","7.815.336","3.239.566","1.033.138","1.685.401","3.997.907","1.436.117","8.758.614","3.338.883","2.105.064","1.248.164","1.564.358","3.641.267",0.9561635,"5.270.022.511","3.669.810.194","1.060.167.294","P09",2,"COTO","undisturbed","COTO","Cauca","254.282.444.371.074","14.518.357.944.267",-75.832,6.532,537,"0","0","0","245.224.990.844.727","242.368.392.944.336",0.805598616600037,0.372548818588257,72.5,146,1.43,87.29,178.49,1712.8,1193.8,112.7,2.55,0.83,"-0.195439059446307","-0.0664584479380031","P09S11"
"103","NEF_dryf_COTO_2025",103,"P09S16","P09Q3","yes",6.85,0.483,"1.549.156","6.431.447","1.947.668","1.510.333","1.172.283","3.345.186","1.111.125","815.846","3.162.291","1.438.505","1.260.286","1.876.222","3.572.093",0.410842,"5.085.020.697","3.452.671.496","1.462.307.807","P09",2,"COTO","undisturbed","COTO","Cauca","0.536160377029766","0.961404843417485",-75.832,6.532,537,"0","0","0","245.224.990.844.727","242.368.392.944.336",0.805598616600037,0.372548818588257,72.5,146,1.43,87.29,178.49,1712.8,1193.8,112.7,2.55,0.83,"-0.195439059446307","-0.0664584479380031","P09S09"
"112","NEF_dryf_JABI_2025",112,"P11S02","P11Q1","yes",5.15,0.572,"152.802","6.091.681","3.252.994","5.603.355","1.599.696","3.145.285","5.141.156","2.447.231","2.927.361","1.448.622","9.599.474","0.6049039","8.472.919",0.578648,"6.913.548.241","2.030.560.393","1.055.891.366","P11",2,"JABI","undisturbed","JABI","Madgalena","-0.809507352074314","-0.149011753269858",-74.828,5.058,305,"0","0","0","266.742.000.579.834","264.987.087.249.756",0.832736194133759,0.312700837850571,60,116,1.31,86.03,173.28,2009.1,1528.2,236.8,2.65,0.93,"0.526743481708619","193.381.813.178.504","P11S01"
"113","NEF_dryf_JABI_2025",113,"P11S03","P11Q2","yes",5.15,0.333,"1.031.835","6.567.069","2.776.627","4.040.341","1.711.015","2.487.384","4.231.981","195.537","2.700.559","1.772.906","1.022.887","0.4485814","521.001",0.4887005,"7.736.886.935","1.414.445.689","8.486.673.751","P11",2,"JABI","undisturbed","JABI","Madgalena","-170.868.771.377.568","-0.264731032132818",-74.828,5.058,305,"0","0","0","266.742.000.579.834","264.987.087.249.756",0.832736194133759,0.312700837850571,60,116,1.31,86.03,173.28,2009.1,1528.2,236.8,2.65,0.93,"0.526743481708619","193.381.813.178.504","P11S03"
"114","NEF_dryf_JABI_2025",114,"P11S04","P11Q2","yes",5.15,0.333,"1.031.835","6.567.069","2.776.627","4.040.341","1.711.015","2.487.384","4.231.981","195.537","2.700.559","1.772.906","1.022.887","0.4485814","521.001",0.4887005,"7.736.886.935","1.414.445.689","8.486.673.751","P11",2,"JABI","undisturbed","JABI","Madgalena","-170.868.771.377.568","-0.264731032132818",-74.828,5.058,305,"0","0","0","266.742.000.579.834","264.987.087.249.756",0.832736194133759,0.312700837850571,60,116,1.31,86.03,173.28,2009.1,1528.2,236.8,2.65,0.93,"0.526743481708619","193.381.813.178.504","P11S03"
"115","NEF_dryf_JABI_2025",115,"P11S05","P11Q2","yes",5.15,0.333,"1.031.835","6.567.069","2.776.627","4.040.341","1.711.015","2.487.384","4.231.981","195.537","2.700.559","1.772.906","1.022.887","0.4485814","521.001",0.4887005,"7.736.886.935","1.414.445.689","8.486.673.751","P11",2,"JABI","undisturbed","JABI","Madgalena","-170.868.771.377.568","-0.264731032132818",-74.828,5.058,305,"0","0","0","266.742.000.579.834","264.987.087.249.756",0.832736194133759,0.312700837850571,60,116,1.31,86.03,173.28,2009.1,1528.2,236.8,2.65,0.93,"0.526743481708619","193.381.813.178.504","P11S03"
"116","NEF_dryf_JABI_2025",116,"P11S06","P11Q2","yes",5.15,0.333,"1.031.835","6.567.069","2.776.627","4.040.341","1.711.015","2.487.384","4.231.981","195.537","2.700.559","1.772.906","1.022.887","0.4485814","521.001",0.4887005,"7.736.886.935","1.414.445.689","8.486.673.751","P11",2,"JABI","undisturbed","JABI","Madgalena","-170.868.771.377.568","-0.264731032132818",-74.828,5.058,305,"0","0","0","266.742.000.579.834","264.987.087.249.756",0.832736194133759,0.312700837850571,60,116,1.31,86.03,173.28,2009.1,1528.2,236.8,2.65,0.93,"0.526743481708619","193.381.813.178.504","P11S03"
"117","NEF_dryf_JABI_2025",117,"P11S07","P11Q1","yes",5.15,0.572,"152.802","6.091.681","3.252.994","5.603.355","1.599.696","3.145.285","5.141.156","2.447.231","2.927.361","1.448.622","9.599.474","0.6049039","8.472.919",0.578648,"6.913.548.241","2.030.560.393","1.055.891.366","P11",2,"JABI","undisturbed","JABI","Madgalena","-0.809507352074314","-0.149011753269858",-74.828,5.058,305,"0","0","0","266.742.000.579.834","264.987.087.249.756",0.832736194133759,0.312700837850571,60,116,1.31,86.03,173.28,2009.1,1528.2,236.8,2.65,0.93,"0.526743481708619","193.381.813.178.504","P11S01"
"118","NEF_dryf_JABI_2025",118,"P11S08","P11Q1","yes",5.15,0.572,"152.802","6.091.681","3.252.994","5.603.355","1.599.696","3.145.285","5.141.156","2.447.231","2.927.361","1.448.622","9.599.474","0.6049039","8.472.919",0.578648,"6.913.548.241","2.030.560.393","1.055.891.366","P11",2,"JABI","undisturbed","JABI","Madgalena","-0.809507352074314","-0.149011753269858",-74.828,5.058,305,"0","0","0","266.742.000.579.834","264.987.087.249.756",0.832736194133759,0.312700837850571,60,116,1.31,86.03,173.28,2009.1,1528.2,236.8,2.65,0.93,"0.526743481708619","193.381.813.178.504","P11S01"
"119","NEF_dryf_JABI_2025",119,"P11S09","P11Q3","yes",6.74,0.473,"1.517.761","7.275.439","3.556.774","5.492.213","1.792.702","2.823.238","5.189.446","2.140.198","2.595.387","2.389.423","1.529.994","0.7266641","1.189.951",0.5442176,"6.710.824.374","2.436.426.469","8.527.491.576","P11",2,"JABI","undisturbed","JABI","Madgalena","-0.537143949863962","0.141646956549393",-74.828,5.058,305,"0","0","0","266.742.000.579.834","264.987.087.249.756",0.832736194133759,0.312700837850571,60,116,1.31,86.03,173.28,2009.1,1528.2,236.8,2.65,0.93,"0.526743481708619","193.381.813.178.504","P11S09"
"120","NEF_dryf_JABI_2025",120,"P11S10","P11Q3","yes",6.74,0.473,"1.517.761","7.275.439","3.556.774","5.492.213","1.792.702","2.823.238","5.189.446","2.140.198","2.595.387","2.389.423","1.529.994","0.7266641","1.189.951",0.5442176,"6.710.824.374","2.436.426.469","8.527.491.576","P11",2,"JABI","undisturbed","JABI","Madgalena","-0.537143949863962","0.141646956549393",-74.828,5.058,305,"0","0","0","266.742.000.579.834","264.987.087.249.756",0.832736194133759,0.312700837850571,60,116,1.31,86.03,173.28,2009.1,1528.2,236.8,2.65,0.93,"0.526743481708619","193.381.813.178.504","P11S09"
"121","NEF_dryf_JABI_2025",121,"P11S11","P11Q4","yes",7.05,0.501,"1.448.623","7.101.404","3.583.377","5.630.529","2.123.259","3345.94","4.470.354","1.167.674","2.139.943","2.405.225","1.027.269","0.6119381","1.020.431",0.6078043,"6.713.064.466","2.231.869.896","1.055.065.639","P11",2,"JABI","undisturbed","JABI","Madgalena","-0.57062801905435","0.800116378642431",-74.828,5.058,305,"0","0","0","266.742.000.579.834","264.987.087.249.756",0.832736194133759,0.312700837850571,60,116,1.31,86.03,173.28,2009.1,1528.2,236.8,2.65,0.93,"0.526743481708619","193.381.813.178.504","P11S11"
"122","NEF_dryf_JABI_2025",122,"P11S12","P11Q4","yes",7.05,0.501,"1.448.623","7.101.404","3.583.377","5.630.529","2.123.259","3345.94","4.470.354","1.167.674","2.139.943","2.405.225","1.027.269","0.6119381","1.020.431",0.6078043,"6.713.064.466","2.231.869.896","1.055.065.639","P11",2,"JABI","undisturbed","JABI","Madgalena","-0.57062801905435","0.800116378642431",-74.828,5.058,305,"0","0","0","266.742.000.579.834","264.987.087.249.756",0.832736194133759,0.312700837850571,60,116,1.31,86.03,173.28,2009.1,1528.2,236.8,2.65,0.93,"0.526743481708619","193.381.813.178.504","P11S11"
"123","NEF_dryf_JABI_2025",123,"P11S13","P11Q4","yes",7.05,0.501,"1.448.623","7.101.404","3.583.377","5.630.529","2.123.259","3345.94","4.470.354","1.167.674","2.139.943","2.405.225","1.027.269","0.6119381","1.020.431",0.6078043,"6.713.064.466","2.231.869.896","1.055.065.639","P11",2,"JABI","undisturbed","JABI","Madgalena","-0.57062801905435","0.800116378642431",-74.828,5.058,305,"0","0","0","266.742.000.579.834","264.987.087.249.756",0.832736194133759,0.312700837850571,60,116,1.31,86.03,173.28,2009.1,1528.2,236.8,2.65,0.93,"0.526743481708619","193.381.813.178.504","P11S11"
"124","NEF_dryf_JABI_2025",124,"P11S14","P11Q4","yes",7.05,0.501,"1.448.623","7.101.404","3.583.377","5.630.529","2.123.259","3345.94","4.470.354","1.167.674","2.139.943","2.405.225","1.027.269","0.6119381","1.020.431",0.6078043,"6.713.064.466","2.231.869.896","1.055.065.639","P11",2,"JABI","undisturbed","JABI","Madgalena","-0.57062801905435","0.800116378642431",-74.828,5.058,305,"0","0","0","266.742.000.579.834","264.987.087.249.756",0.832736194133759,0.312700837850571,60,116,1.31,86.03,173.28,2009.1,1528.2,236.8,2.65,0.93,"0.526743481708619","193.381.813.178.504","P11S11"
"125","NEF_dryf_JABI_2025",125,"P11S15","P11Q3","yes",6.74,0.473,"1.517.761","7.275.439","3.556.774","5.492.213","1.792.702","2.823.238","5.189.446","2.140.198","2.595.387","2.389.423","1.529.994","0.7266641","1.189.951",0.5442176,"6.710.824.374","2.436.426.469","8.527.491.576","P11",2,"JABI","undisturbed","JABI","Madgalena","-0.537143949863962","0.141646956549393",-74.828,5.058,305,"0","0","0","266.742.000.579.834","264.987.087.249.756",0.832736194133759,0.312700837850571,60,116,1.31,86.03,173.28,2009.1,1528.2,236.8,2.65,0.93,"0.526743481708619","193.381.813.178.504","P11S09"
"126","NEF_dryf_JABI_2025",126,"P11S16","P11Q3","yes",6.74,0.473,"1.517.761","7.275.439","3.556.774","5.492.213","1.792.702","2.823.238","5.189.446","2.140.198","2.595.387","2.389.423","1.529.994","0.7266641","1.189.951",0.5442176,"6.710.824.374","2.436.426.469","8.527.491.576","P11",2,"JABI","undisturbed","JABI","Madgalena","-0.537143949863962","0.141646956549393",-74.828,5.058,305,"0","0","0","266.742.000.579.834","264.987.087.249.756",0.832736194133759,0.312700837850571,60,116,1.31,86.03,173.28,2009.1,1528.2,236.8,2.65,0.93,"0.526743481708619","193.381.813.178.504","P11S09"
"130","NEF_dryf_TAMBO_2025",130,"P13S02","P13Q1","yes",6.8,0.418,"0.7174498","6.714.497","2.369.632","2.671.913","1.196.503","1.659.564","4.356.252","2.335.033","1.746.096","4.198.085","1.164.535","1.529.697","9.907.978",0.52055,"7.341.059.364","2.014.348.948","6.445.916.882","P13",2,"TAMBO","undisturbed","TAMBO","Magdalena","-189.433.433.356.187","-0.173677130349439",-74.811,5.166,286,"246.001.949.310.303","281.281.604.766.846","223.768.539.428.711","243.914.108.276.367","247.240.676.879.883",0.869641244411469,0.732316672801971,54,126,0.88,85.83,172.87,1689.1,1912.5,272.7,2.5,0.9,"-131.143.440.520.478","153.128.616.377.639","P13S01"
"131","NEF_dryf_TAMBO_2025",131,"P13S06","P13Q2","yes",6.72,0.374,"0.5223691","5.361.193","1.639.233","390.349","8.520.276","1.293.787","3.654.792","3.195.204","1.274.706","1.544.587","9.788.668","0.6371108","4.530.543",0.4083125,"8.753.522.661","8.041.789.052","4.422.984.338","P13",2,"TAMBO","undisturbed","TAMBO","Magdalena","-398.760.432.007.817","0.564847069660427",-74.811,5.166,286,"246.001.949.310.303","281.281.604.766.846","223.768.539.428.711","243.914.108.276.367","247.240.676.879.883",0.869641244411469,0.732316672801971,54,126,0.88,85.83,172.87,1689.1,1912.5,272.7,2.5,0.9,"-131.143.440.520.478","153.128.616.377.639","P13S03"
"132","NEF_dryf_TAMBO_2025",132,"P13S07","P13Q1","yes",6.8,0.418,"0.7174498","6.714.497","2.369.632","2.671.913","1.196.503","1.659.564","4.356.252","2.335.033","1.746.096","4.198.085","1.164.535","1.529.697","9.907.978",0.52055,"7.341.059.364","2.014.348.948","6.445.916.882","P13",2,"TAMBO","undisturbed","TAMBO","Magdalena","-189.433.433.356.187","-0.173677130349439",-74.811,5.166,286,"246.001.949.310.303","281.281.604.766.846","223.768.539.428.711","243.914.108.276.367","247.240.676.879.883",0.869641244411469,0.732316672801971,54,126,0.88,85.83,172.87,1689.1,1912.5,272.7,2.5,0.9,"-131.143.440.520.478","153.128.616.377.639","P13S01"
"133","NEF_dryf_TAMBO_2025",133,"P13S09","P13Q3","yes",6.41,0.71,"0.8436751","6.050.621","3.184.011","4.577.196","1.343.258","1.829.433","3.157.012","6.425.759","1.927.437","2.936.306","8.995.255","0.7603613","9.046.485",0.5610144,"7.539.414.367","2.218.560.804","2.420.248.298","P13",2,"TAMBO","undisturbed","TAMBO","Magdalena","-199.582.183.862.162","-0.0743436547859002",-74.811,5.166,286,"246.001.949.310.303","281.281.604.766.846","223.768.539.428.711","243.914.108.276.367","247.240.676.879.883",0.869641244411469,0.732316672801971,54,126,0.88,85.83,172.87,1689.1,1912.5,272.7,2.5,0.9,"-131.143.440.520.478","153.128.616.377.639","P13S09"
"134","NEF_dryf_TAMBO_2025",134,"P13S10","P13Q3","yes",6.41,0.71,"0.8436751","6.050.621","3.184.011","4.577.196","1.343.258","1.829.433","3.157.012","6.425.759","1.927.437","2.936.306","8.995.255","0.7603613","9.046.485",0.5610144,"7.539.414.367","2.218.560.804","2.420.248.298","P13",2,"TAMBO","undisturbed","TAMBO","Magdalena","-199.582.183.862.162","-0.0743436547859002",-74.811,5.166,286,"246.001.949.310.303","281.281.604.766.846","223.768.539.428.711","243.914.108.276.367","247.240.676.879.883",0.869641244411469,0.732316672801971,54,126,0.88,85.83,172.87,1689.1,1912.5,272.7,2.5,0.9,"-131.143.440.520.478","153.128.616.377.639","P13S09"
"135","NEF_dryf_TAMBO_2025",135,"P13S13","P13Q4","yes",6.8,0.494,"0.5712875","5.866.658","302.061","4.573.406","1.204.442","1.180.206","2.664.897","1.462.105","1.431.405","194.533","8.296.729","0.6649773","581.483",0.5077004,"8.350.630.923","1.206.855.402","4.425.136.746","P13",2,"TAMBO","undisturbed","TAMBO","Magdalena","-307.584.372.840.265","0.33865134324222",-74.811,5.166,286,"246.001.949.310.303","281.281.604.766.846","223.768.539.428.711","243.914.108.276.367","247.240.676.879.883",0.869641244411469,0.732316672801971,54,126,0.88,85.83,172.87,1689.1,1912.5,272.7,2.5,0.9,"-131.143.440.520.478","153.128.616.377.639","P13S11"
"136","NEF_dryf_TAMBO_2025",136,"P13S14","P13Q4","yes",6.8,0.494,"0.5712875","5.866.658","302.061","4.573.406","1.204.442","1.180.206","2.664.897","1.462.105","1.431.405","194.533","8.296.729","0.6649773","581.483",0.5077004,"8.350.630.923","1.206.855.402","4.425.136.746","P13",2,"TAMBO","undisturbed","TAMBO","Magdalena","-307.584.372.840.265","0.33865134324222",-74.811,5.166,286,"246.001.949.310.303","281.281.604.766.846","223.768.539.428.711","243.914.108.276.367","247.240.676.879.883",0.869641244411469,0.732316672801971,54,126,0.88,85.83,172.87,1689.1,1912.5,272.7,2.5,0.9,"-131.143.440.520.478","153.128.616.377.639","P13S11"
"137","NEF_dryf_TAMBO_2025",137,"P13S16","P13Q3","yes",6.41,0.71,"0.8436751","6.050.621","3.184.011","4.577.196","1.343.258","1.829.433","3.157.012","6.425.759","1.927.437","2.936.306","8.995.255","0.7603613","9.046.485",0.5610144,"7.539.414.367","2.218.560.804","2.420.248.298","P13",2,"TAMBO","undisturbed","TAMBO","Magdalena","-199.582.183.862.162","-0.0743436547859002",-74.811,5.166,286,"246.001.949.310.303","281.281.604.766.846","223.768.539.428.711","243.914.108.276.367","247.240.676.879.883",0.869641244411469,0.732316672801971,54,126,0.88,85.83,172.87,1689.1,1912.5,272.7,2.5,0.9,"-131.143.440.520.478","153.128.616.377.639","P13S09"
"149","NEF_dryf_CARDL_2025",149,"P15S01","P15Q1","yes",5.91,0.485,"2.760.267","5.994.349","2.073.188","11.7","1.082.086","2.631.294","5.073.439","8.109.839","2.998.563","1.019.546","9.374.614","0.5090743","4.955.922",0.3276301,"6.423.942.803","2.712.870.998","8.631.861.998","P15",2,"CARDL","undisturbed","CARDL","Madgalena","-0.956140633164167","-0.210816732224011",-74.775,5.085,19,"227.345.409.393.311","246.328.449.249.268","215.991.249.084.473","26.762.565.612.793","264.383.754.730.225",0.872717976570129,0.812501311302185,62,113,1.19,85.91,172.78,1835.6,1541.2,222.5,2.53,0.92,"-0.110029006946389","141.223.430.812.272","P15S01"
"150","NEF_dryf_CARDL_2025",150,"P15S02","P15Q1","yes",5.91,0.485,"2.760.267","5.994.349","2.073.188","11.7","1.082.086","2.631.294","5.073.439","8.109.839","2.998.563","1.019.546","9.374.614","0.5090743","4.955.922",0.3276301,"6.423.942.803","2.712.870.998","8.631.861.998","P15",2,"CARDL","undisturbed","CARDL","Madgalena","-0.956140633164167","-0.210816732224011",-74.775,5.085,19,"227.345.409.393.311","246.328.449.249.268","215.991.249.084.473","26.762.565.612.793","264.383.754.730.225",0.872717976570129,0.812501311302185,62,113,1.19,85.91,172.78,1835.6,1541.2,222.5,2.53,0.92,"-0.110029006946389","141.223.430.812.272","P15S01"
"151","NEF_dryf_CARDL_2025",151,"P15S05","P15Q2","yes",5.85,0.578,"329.475","6.886.317","2.794.779","9.476.209","1.013.301","3.364.405","5.435.577","7.614.889","2.980.411","1.079.162","1.094.883","0.475569","876.084",0.4378743,"619.875.328","3.140.160.311","6.610.864.097","P15",2,"CARDL","undisturbed","CARDL","Madgalena","0.0304371816429797","-0.519795210040753",-74.775,5.085,19,"227.345.409.393.311","246.328.449.249.268","215.991.249.084.473","26.762.565.612.793","264.383.754.730.225",0.872717976570129,0.812501311302185,62,113,1.19,85.91,172.78,1835.6,1541.2,222.5,2.53,0.92,"-0.110029006946389","141.223.430.812.272","P15S03"
"152","NEF_dryf_CARDL_2025",152,"P15S06","P15Q2","yes",5.85,0.578,"329.475","6.886.317","2.794.779","9.476.209","1.013.301","3.364.405","5.435.577","7.614.889","2.980.411","1.079.162","1.094.883","0.475569","876.084",0.4378743,"619.875.328","3.140.160.311","6.610.864.097","P15",2,"CARDL","undisturbed","CARDL","Madgalena","0.0304371816429797","-0.519795210040753",-74.775,5.085,19,"227.345.409.393.311","246.328.449.249.268","215.991.249.084.473","26.762.565.612.793","264.383.754.730.225",0.872717976570129,0.812501311302185,62,113,1.19,85.91,172.78,1835.6,1541.2,222.5,2.53,0.92,"-0.110029006946389","141.223.430.812.272","P15S03"
"153","NEF_dryf_CARDL_2025",153,"P15S08","P15Q1","yes",5.91,0.485,"2.760.267","5.994.349","2.073.188","11.7","1.082.086","2.631.294","5.073.439","8.109.839","2.998.563","1.019.546","9.374.614","0.5090743","4.955.922",0.3276301,"6.423.942.803","2.712.870.998","8.631.861.998","P15",2,"CARDL","undisturbed","CARDL","Madgalena","-0.956140633164167","-0.210816732224011",-74.775,5.085,19,"227.345.409.393.311","246.328.449.249.268","215.991.249.084.473","26.762.565.612.793","264.383.754.730.225",0.872717976570129,0.812501311302185,62,113,1.19,85.91,172.78,1835.6,1541.2,222.5,2.53,0.92,"-0.110029006946389","141.223.430.812.272","P15S01"
"154","NEF_dryf_CARDL_2025",154,"P15S09","P15Q3","yes",6.61,0.47,"2.145.881","544.778","2.056.946","1.775.212","1.089.917","2.648.657","368.575","1.037.189","2.217.225","1.217.089","1.053.941","0.3285011","3.659.683",0.3696876,"6.649.615.183","2.900.942.931","4.494.418.859","P15",2,"CARDL","undisturbed","CARDL","Madgalena","-168.652.465.578.605","0.172112409952163",-74.775,5.085,19,"227.345.409.393.311","246.328.449.249.268","215.991.249.084.473","26.762.565.612.793","264.383.754.730.225",0.872717976570129,0.812501311302185,62,113,1.19,85.91,172.78,1835.6,1541.2,222.5,2.53,0.92,"-0.110029006946389","141.223.430.812.272","P15S09"
"155","NEF_dryf_CARDL_2025",155,"P15S10","P15Q3","yes",6.61,0.47,"2.145.881","544.778","2.056.946","1.775.212","1.089.917","2.648.657","368.575","1.037.189","2.217.225","1.217.089","1.053.941","0.3285011","3.659.683",0.3696876,"6.649.615.183","2.900.942.931","4.494.418.859","P15",2,"CARDL","undisturbed","CARDL","Madgalena","-168.652.465.578.605","0.172112409952163",-74.775,5.085,19,"227.345.409.393.311","246.328.449.249.268","215.991.249.084.473","26.762.565.612.793","264.383.754.730.225",0.872717976570129,0.812501311302185,62,113,1.19,85.91,172.78,1835.6,1541.2,222.5,2.53,0.92,"-0.110029006946389","141.223.430.812.272","P15S09"
"156","NEF_dryf_CARDL_2025",156,"P15S11","P15Q4","yes",6.3,0.476,"2.715.531","6.847.702","2.472.894","5.761.387","9.110.252","3.379.261","5.057.713","4.845.708","2.697.322","146.649","1.041.207","0.4944725","5.069.628",0.4220107,"6.220.068.542","2.917.121.038","8.628.104.201","P15",2,"CARDL","undisturbed","CARDL","Madgalena","-0.242076428611113","-0.116719337685647",-74.775,5.085,19,"227.345.409.393.311","246.328.449.249.268","215.991.249.084.473","26.762.565.612.793","264.383.754.730.225",0.872717976570129,0.812501311302185,62,113,1.19,85.91,172.78,1835.6,1541.2,222.5,2.53,0.92,"-0.110029006946389","141.223.430.812.272","P15S11"
"157","NEF_dryf_CARDL_2025",157,"P15S12","P15Q4","yes",6.3,0.476,"2.715.531","6.847.702","2.472.894","5.761.387","9.110.252","3.379.261","5.057.713","4.845.708","2.697.322","146.649","1.041.207","0.4944725","5.069.628",0.4220107,"6.220.068.542","2.917.121.038","8.628.104.201","P15",2,"CARDL","undisturbed","CARDL","Madgalena","-0.242076428611113","-0.116719337685647",-74.775,5.085,19,"227.345.409.393.311","246.328.449.249.268","215.991.249.084.473","26.762.565.612.793","264.383.754.730.225",0.872717976570129,0.812501311302185,62,113,1.19,85.91,172.78,1835.6,1541.2,222.5,2.53,0.92,"-0.110029006946389","141.223.430.812.272","P15S11"
"158","NEF_dryf_CARDL_2025",158,"P15S13","P15Q4","yes",6.3,0.476,"2.715.531","6.847.702","2.472.894","5.761.387","9.110.252","3.379.261","5.057.713","4.845.708","2.697.322","146.649","1.041.207","0.4944725","5.069.628",0.4220107,"6.220.068.542","2.917.121.038","8.628.104.201","P15",2,"CARDL","undisturbed","CARDL","Madgalena","-0.242076428611113","-0.116719337685647",-74.775,5.085,19,"227.345.409.393.311","246.328.449.249.268","215.991.249.084.473","26.762.565.612.793","264.383.754.730.225",0.872717976570129,0.812501311302185,62,113,1.19,85.91,172.78,1835.6,1541.2,222.5,2.53,0.92,"-0.110029006946389","141.223.430.812.272","P15S11"
"159","NEF_dryf_CARDL_2025",159,"P15S14","P15Q4","yes",6.3,0.476,"2.715.531","6.847.702","2.472.894","5.761.387","9.110.252","3.379.261","5.057.713","4.845.708","2.697.322","146.649","1.041.207","0.4944725","5.069.628",0.4220107,"6.220.068.542","2.917.121.038","8.628.104.201","P15",2,"CARDL","undisturbed","CARDL","Madgalena","-0.242076428611113","-0.116719337685647",-74.775,5.085,19,"227.345.409.393.311","246.328.449.249.268","215.991.249.084.473","26.762.565.612.793","264.383.754.730.225",0.872717976570129,0.812501311302185,62,113,1.19,85.91,172.78,1835.6,1541.2,222.5,2.53,0.92,"-0.110029006946389","141.223.430.812.272","P15S11"
"160","NEF_dryf_CARDL_2025",160,"P15S15","P15Q3","yes",6.61,0.47,"2.145.881","544.778","2.056.946","1.775.212","1.089.917","2.648.657","368.575","1.037.189","2.217.225","1.217.089","1.053.941","0.3285011","3.659.683",0.3696876,"6.649.615.183","2.900.942.931","4.494.418.859","P15",2,"CARDL","undisturbed","CARDL","Madgalena","-168.652.465.578.605","0.172112409952163",-74.775,5.085,19,"227.345.409.393.311","246.328.449.249.268","215.991.249.084.473","26.762.565.612.793","264.383.754.730.225",0.872717976570129,0.812501311302185,62,113,1.19,85.91,172.78,1835.6,1541.2,222.5,2.53,0.92,"-0.110029006946389","141.223.430.812.272","P15S09"
"176","NEF_dryf_CARDP_2025",176,"P17S01","P17Q1","yes",5.72,0.453,"1.642.427","5.759.737","2.602.544","9.958.084","2.021.587","1.976.366","3.059.783","5.590.333","204.233","1.297.364","939.481","0.6352652","3.800.817",0.3884962,"7.072.698.167","2.480.075.142","4.472.266.904","P17",2,"CARDP","undisturbed","CARDP","Madgalena","-229.674.234.120.701","-0.0120057257878588",-74.802,5.084,124,"0","0","0","262.916.793.823.242","263.030.090.332.031",0.878682494163513,0.519672214984894,59.5,116,1.29,85.97,173.36,1946.8,1505.9,227.8,2.63,0.93,"0.283469255753173","168.658.094.259.801","P17S01"
"177","NEF_dryf_CARDP_2025",177,"P17S02","P17Q1","yes",5.72,0.453,"1.642.427","5.759.737","2.602.544","9.958.084","2.021.587","1.976.366","3.059.783","5.590.333","204.233","1.297.364","939.481","0.6352652","3.800.817",0.3884962,"7.072.698.167","2.480.075.142","4.472.266.904","P17",2,"CARDP","undisturbed","CARDP","Madgalena","-229.674.234.120.701","-0.0120057257878588",-74.802,5.084,124,"0","0","0","262.916.793.823.242","263.030.090.332.031",0.878682494163513,0.519672214984894,59.5,116,1.29,85.97,173.36,1946.8,1505.9,227.8,2.63,0.93,"0.283469255753173","168.658.094.259.801","P17S01"
"178","NEF_dryf_CARDP_2025",178,"P17S03","P17Q2","yes",5.29,0.398,"1.467.664","5.918.947","2.232.341","995.209","1.241.721","1.500.658","2.523.988","3.184.055","1.701.087","1.686.271","8.824.643","0.4448342","4.166.465",0.3558785,"7.077.731.358","2.475.810.912","4.464.577.308","P17",2,"CARDP","undisturbed","CARDP","Madgalena","-283.078.808.461.074","-0.735903665799187",-74.802,5.084,124,"0","0","0","262.916.793.823.242","263.030.090.332.031",0.878682494163513,0.519672214984894,59.5,116,1.29,85.97,173.36,1946.8,1505.9,227.8,2.63,0.93,"0.283469255753173","168.658.094.259.801","P17S03"
"179","NEF_dryf_CARDP_2025",179,"P17S04","P17Q2","yes",5.29,0.398,"1.467.664","5.918.947","2.232.341","995.209","1.241.721","1.500.658","2.523.988","3.184.055","1.701.087","1.686.271","8.824.643","0.4448342","4.166.465",0.3558785,"7.077.731.358","2.475.810.912","4.464.577.308","P17",2,"CARDP","undisturbed","CARDP","Madgalena","-283.078.808.461.074","-0.735903665799187",-74.802,5.084,124,"0","0","0","262.916.793.823.242","263.030.090.332.031",0.878682494163513,0.519672214984894,59.5,116,1.29,85.97,173.36,1946.8,1505.9,227.8,2.63,0.93,"0.283469255753173","168.658.094.259.801","P17S03"
"180","NEF_dryf_CARDP_2025",180,"P17S05","P17Q2","yes",5.29,0.398,"1.467.664","5.918.947","2.232.341","995.209","1.241.721","1.500.658","2.523.988","3.184.055","1.701.087","1.686.271","8.824.643","0.4448342","4.166.465",0.3558785,"7.077.731.358","2.475.810.912","4.464.577.308","P17",2,"CARDP","undisturbed","CARDP","Madgalena","-283.078.808.461.074","-0.735903665799187",-74.802,5.084,124,"0","0","0","262.916.793.823.242","263.030.090.332.031",0.878682494163513,0.519672214984894,59.5,116,1.29,85.97,173.36,1946.8,1505.9,227.8,2.63,0.93,"0.283469255753173","168.658.094.259.801","P17S03"
"181","NEF_dryf_CARDP_2025",181,"P17S08","P17Q1","yes",5.72,0.453,"1.642.427","5.759.737","2.602.544","9.958.084","2.021.587","1.976.366","3.059.783","5.590.333","204.233","1.297.364","939.481","0.6352652","3.800.817",0.3884962,"7.072.698.167","2.480.075.142","4.472.266.904","P17",2,"CARDP","undisturbed","CARDP","Madgalena","-229.674.234.120.701","-0.0120057257878588",-74.802,5.084,124,"0","0","0","262.916.793.823.242","263.030.090.332.031",0.878682494163513,0.519672214984894,59.5,116,1.29,85.97,173.36,1946.8,1505.9,227.8,2.63,0.93,"0.283469255753173","168.658.094.259.801","P17S01"
"182","NEF_dryf_CARDP_2025",182,"P17S09","P17Q3","yes",7.02,0.541,"1.598.664","6.434.582","2.821.661","7.962.831","1.621.494","1.475.656","2.908.648","7.932.824","166.594","1.385.359","8.543.635","0.3728671","5.559.276",0.5863903,"7.277.155.881","2.275.809.987","4.470.341.315","P17",2,"CARDP","undisturbed","CARDP","Madgalena","-213.866.674.176.156","0.630166679899378",-74.802,5.084,124,"0","0","0","262.916.793.823.242","263.030.090.332.031",0.878682494163513,0.519672214984894,59.5,116,1.29,85.97,173.36,1946.8,1505.9,227.8,2.63,0.93,"0.283469255753173","168.658.094.259.801","P17S09"
"183","NEF_dryf_CARDP_2025",183,"P17S14","P17Q4","yes",7.01,0.426,"1.192.358","5.059.618","1.848.768","9.066.978","1.675.017","2.336.779","3.734.565","9.129.575","1.785.324","9.363.733","7.301.231","0.3132915","7.694.667",0.4219892,"8.097.583.742","1.659.554.589","2.428.616.695","P17",2,"CARDP","undisturbed","CARDP","Madgalena","-349.912.970.273.152","12.281.764.564.784",-74.802,5.084,124,"0","0","0","262.916.793.823.242","263.030.090.332.031",0.878682494163513,0.519672214984894,59.5,116,1.29,85.97,173.36,1946.8,1505.9,227.8,2.63,0.93,"0.283469255753173","168.658.094.259.801","P17S11"
"200","NEF_dryf_MATIT_2025",200,"P19S02","P19Q1","yes",6.38,0.268,"1.681.348","627.035","2.029.915","6.047.482","1.089.434","9.687.609","5.510.763","3.879.347","1.607.082","3.910.176","2.807.422","0.6263571","5.881.249",0.580771,"6.664.851.876","268.438.749","6.507.606.344","P19",2,"MATIT","undisturbed","MATIT","Guajira","-142.144.626.259.471","-10.337.003.280.209",-72.955,11.338,342,"0","0","0","273.053.932.189.941","274.655.284.881.592",0.692853808403015,0.0479000695049763,48,56,1.8,77.62,188.21,1959.7,1087.4,31.9,2.77,4.17,"452.426.971.068.899","0.19657236514415","P19S01"
"201","NEF_dryf_MATIT_2025",201,"P19S03","P19Q2","yes",6.71,0.429,"1.869.299","6.112.158","2.309.942","5.557.517","1.061.458","1309.74","7.108.481","6.170.223","1.972.002","2.399.348","2.758.539","0.46921","5.958.539",0.5102746,"6.251.209.873","3.096.826.604","6.519.635.237","P19",2,"MATIT","undisturbed","MATIT","Guajira","-0.924847502996478","-0.609641611982004",-72.955,11.338,342,"0","0","0","273.053.932.189.941","274.655.284.881.592",0.692853808403015,0.0479000695049763,48,56,1.8,77.62,188.21,1959.7,1087.4,31.9,2.77,4.17,"452.426.971.068.899","0.19657236514415","P19S03"
"202","NEF_dryf_MATIT_2025",202,"P19S06","P19Q2","yes",6.71,0.429,"1.869.299","6.112.158","2.309.942","5.557.517","1.061.458","1309.74","7.108.481","6.170.223","1.972.002","2.399.348","2.758.539","0.46921","5.958.539",0.5102746,"6.251.209.873","3.096.826.604","6.519.635.237","P19",2,"MATIT","undisturbed","MATIT","Guajira","-0.924847502996478","-0.609641611982004",-72.955,11.338,342,"0","0","0","273.053.932.189.941","274.655.284.881.592",0.692853808403015,0.0479000695049763,48,56,1.8,77.62,188.21,1959.7,1087.4,31.9,2.77,4.17,"452.426.971.068.899","0.19657236514415","P19S03"
"203","NEF_dryf_MATIT_2025",203,"P19S07","P19Q1","yes",6.38,0.268,"1.681.348","627.035","2.029.915","6.047.482","1.089.434","9.687.609","5.510.763","3.879.347","1.607.082","3.910.176","2.807.422","0.6263571","5.881.249",0.580771,"6.664.851.876","268.438.749","6.507.606.344","P19",2,"MATIT","undisturbed","MATIT","Guajira","-142.144.626.259.471","-10.337.003.280.209",-72.955,11.338,342,"0","0","0","273.053.932.189.941","274.655.284.881.592",0.692853808403015,0.0479000695049763,48,56,1.8,77.62,188.21,1959.7,1087.4,31.9,2.77,4.17,"452.426.971.068.899","0.19657236514415","P19S01"
"204","NEF_dryf_MATIT_2025",204,"P19S09","P19Q3","yes",6.59,0.365,"1.261.838","590.694","1.713.193","6.962.969","1.043.382","1.185.154","4.582.888","4.713.941","152.808","1.961.665","1.718.737","0.2971022","5.626.715",0.4024064,"6.476.088.112","3.078.359.791","4.455.520.972","P19",2,"MATIT","undisturbed","MATIT","Guajira","-206.029.239.397.593","-0.610313361840976",-72.955,11.338,342,"0","0","0","273.053.932.189.941","274.655.284.881.592",0.692853808403015,0.0479000695049763,48,56,1.8,77.62,188.21,1959.7,1087.4,31.9,2.77,4.17,"452.426.971.068.899","0.19657236514415","P19S09"
"205","NEF_dryf_MATIT_2025",205,"P19S10","P19Q3","yes",6.59,0.365,"1.261.838","590.694","1.713.193","6.962.969","1.043.382","1.185.154","4.582.888","4.713.941","152.808","1.961.665","1.718.737","0.2971022","5.626.715",0.4024064,"6.476.088.112","3.078.359.791","4.455.520.972","P19",2,"MATIT","undisturbed","MATIT","Guajira","-206.029.239.397.593","-0.610313361840976",-72.955,11.338,342,"0","0","0","273.053.932.189.941","274.655.284.881.592",0.692853808403015,0.0479000695049763,48,56,1.8,77.62,188.21,1959.7,1087.4,31.9,2.77,4.17,"452.426.971.068.899","0.19657236514415","P19S09"
"206","NEF_dryf_MATIT_2025",206,"P19S11","P19Q4","yes",6.49,0.328,"1.778.934","763.342","2.130.629","7.593.129","7.319.534","1.224.694","6.307.811","1.981.168","2.001.428","2.722.607","2.459.712","0.3049297","4.548.297",0.5591087,"605.097.742","329.763.739","6.513.851.904","P19",2,"MATIT","undisturbed","MATIT","Guajira","-0.395990567232399","-1.137.661.507.227",-72.955,11.338,342,"0","0","0","273.053.932.189.941","274.655.284.881.592",0.692853808403015,0.0479000695049763,48,56,1.8,77.62,188.21,1959.7,1087.4,31.9,2.77,4.17,"452.426.971.068.899","0.19657236514415","P19S11"
"207","NEF_dryf_MATIT_2025",207,"P19S12","P19Q4","yes",6.49,0.328,"1.778.934","763.342","2.130.629","7.593.129","7.319.534","1.224.694","6.307.811","1.981.168","2.001.428","2.722.607","2.459.712","0.3049297","4.548.297",0.5591087,"605.097.742","329.763.739","6.513.851.904","P19",2,"MATIT","undisturbed","MATIT","Guajira","-0.395990567232399","-1.137.661.507.227",-72.955,11.338,342,"0","0","0","273.053.932.189.941","274.655.284.881.592",0.692853808403015,0.0479000695049763,48,56,1.8,77.62,188.21,1959.7,1087.4,31.9,2.77,4.17,"452.426.971.068.899","0.19657236514415","P19S11"
"208","NEF_dryf_MATIT_2025",208,"P19S13","P19Q4","yes",6.49,0.328,"1.778.934","763.342","2.130.629","7.593.129","7.319.534","1.224.694","6.307.811","1.981.168","2.001.428","2.722.607","2.459.712","0.3049297","4.548.297",0.5591087,"605.097.742","329.763.739","6.513.851.904","P19",2,"MATIT","undisturbed","MATIT","Guajira","-0.395990567232399","-1.137.661.507.227",-72.955,11.338,342,"0","0","0","273.053.932.189.941","274.655.284.881.592",0.692853808403015,0.0479000695049763,48,56,1.8,77.62,188.21,1959.7,1087.4,31.9,2.77,4.17,"452.426.971.068.899","0.19657236514415","P19S11"
"209","NEF_dryf_MATIT_2025",209,"P19S14","P19Q4","yes",6.49,0.328,"1.778.934","763.342","2.130.629","7.593.129","7.319.534","1.224.694","6.307.811","1.981.168","2.001.428","2.722.607","2.459.712","0.3049297","4.548.297",0.5591087,"605.097.742","329.763.739","6.513.851.904","P19",2,"MATIT","undisturbed","MATIT","Guajira","-0.395990567232399","-1.137.661.507.227",-72.955,11.338,342,"0","0","0","273.053.932.189.941","274.655.284.881.592",0.692853808403015,0.0479000695049763,48,56,1.8,77.62,188.21,1959.7,1087.4,31.9,2.77,4.17,"452.426.971.068.899","0.19657236514415","P19S11"
"223","NEF_dryf_MACUI_2025",223,"P21S01","P21Q1","yes",5.98,0.389,"1.064.045","6.063.843","224.135","1.998.297","9.891.946","8.991.729","2.351.174","4.860.574","1.485.884","2.351.821","2.163.134","0.6852142","4.005.977",0.6486196,"7.493.611.768","2.263.834.515","242.553.717","P21",2,"MACUI","undisturbed","MACUI","Guajira","-225.972.401.653.101","-0.853447606834171",-71.35,12.199,387,"0","0","0","277.118.034.362.793","266.946.449.279.785",0.865702867507935,0.609165668487549,34,33,3.42,75.43,185.69,1768.6,517,32.1,2.67,4.84,"515.041.030.126.427","-176.894.059.657.812","P21S01"
"224","NEF_dryf_MACUI_2025",224,"P21S02","P21Q1","yes",5.98,0.389,"1.064.045","6.063.843","224.135","1.998.297","9.891.946","8.991.729","2.351.174","4.860.574","1.485.884","2.351.821","2.163.134","0.6852142","4.005.977",0.6486196,"7.493.611.768","2.263.834.515","242.553.717","P21",2,"MACUI","undisturbed","MACUI","Guajira","-225.972.401.653.101","-0.853447606834171",-71.35,12.199,387,"0","0","0","277.118.034.362.793","266.946.449.279.785",0.865702867507935,0.609165668487549,34,33,3.42,75.43,185.69,1768.6,517,32.1,2.67,4.84,"515.041.030.126.427","-176.894.059.657.812","P21S01"
"225","NEF_dryf_MACUI_2025",225,"P21S03","P21Q2","yes",5.86,0.397,"1.297.789","6.077.868","2.159.225","2.393.556","201.222","1121.77","2.781.111","3.285.695","1.623.773","3.209.337","2.814.721","0.9884638","4.492.557",0.4783088,"6.880.028.177","287.685.712","2.431.147.032","P21",2,"MACUI","undisturbed","MACUI","Guajira","-178.914.453.519.713","-10.887.566.990.811",-71.35,12.199,387,"0","0","0","277.118.034.362.793","266.946.449.279.785",0.865702867507935,0.609165668487549,34,33,3.42,75.43,185.69,1768.6,517,32.1,2.67,4.84,"515.041.030.126.427","-176.894.059.657.812","P21S03"
"226","NEF_dryf_MACUI_2025",226,"P21S04","P21Q2","yes",5.86,0.397,"1.297.789","6.077.868","2.159.225","2.393.556","201.222","1121.77","2.781.111","3.285.695","1.623.773","3.209.337","2.814.721","0.9884638","4.492.557",0.4783088,"6.880.028.177","287.685.712","2.431.147.032","P21",2,"MACUI","undisturbed","MACUI","Guajira","-178.914.453.519.713","-10.887.566.990.811",-71.35,12.199,387,"0","0","0","277.118.034.362.793","266.946.449.279.785",0.865702867507935,0.609165668487549,34,33,3.42,75.43,185.69,1768.6,517,32.1,2.67,4.84,"515.041.030.126.427","-176.894.059.657.812","P21S03"
"227","NEF_dryf_MACUI_2025",227,"P21S05","P21Q2","yes",5.86,0.397,"1.297.789","6.077.868","2.159.225","2.393.556","201.222","1121.77","2.781.111","3.285.695","1.623.773","3.209.337","2.814.721","0.9884638","4.492.557",0.4783088,"6.880.028.177","287.685.712","2.431.147.032","P21",2,"MACUI","undisturbed","MACUI","Guajira","-178.914.453.519.713","-10.887.566.990.811",-71.35,12.199,387,"0","0","0","277.118.034.362.793","266.946.449.279.785",0.865702867507935,0.609165668487549,34,33,3.42,75.43,185.69,1768.6,517,32.1,2.67,4.84,"515.041.030.126.427","-176.894.059.657.812","P21S03"
"228","NEF_dryf_MACUI_2025",228,"P21S06","P21Q2","yes",5.86,0.397,"1.297.789","6.077.868","2.159.225","2.393.556","201.222","1121.77","2.781.111","3.285.695","1.623.773","3.209.337","2.814.721","0.9884638","4.492.557",0.4783088,"6.880.028.177","287.685.712","2.431.147.032","P21",2,"MACUI","undisturbed","MACUI","Guajira","-178.914.453.519.713","-10.887.566.990.811",-71.35,12.199,387,"0","0","0","277.118.034.362.793","266.946.449.279.785",0.865702867507935,0.609165668487549,34,33,3.42,75.43,185.69,1768.6,517,32.1,2.67,4.84,"515.041.030.126.427","-176.894.059.657.812","P21S03"
"229","NEF_dryf_MACUI_2025",229,"P21S07","P21Q1","yes",5.98,0.389,"1.064.045","6.063.843","224.135","1.998.297","9.891.946","8.991.729","2.351.174","4.860.574","1.485.884","2.351.821","2.163.134","0.6852142","4.005.977",0.6486196,"7.493.611.768","2.263.834.515","242.553.717","P21",2,"MACUI","undisturbed","MACUI","Guajira","-225.972.401.653.101","-0.853447606834171",-71.35,12.199,387,"0","0","0","277.118.034.362.793","266.946.449.279.785",0.865702867507935,0.609165668487549,34,33,3.42,75.43,185.69,1768.6,517,32.1,2.67,4.84,"515.041.030.126.427","-176.894.059.657.812","P21S01"
"230","NEF_dryf_MACUI_2025",230,"P21S08","P21Q1","yes",5.98,0.389,"1.064.045","6.063.843","224.135","1.998.297","9.891.946","8.991.729","2.351.174","4.860.574","1.485.884","2.351.821","2.163.134","0.6852142","4.005.977",0.6486196,"7.493.611.768","2.263.834.515","242.553.717","P21",2,"MACUI","undisturbed","MACUI","Guajira","-225.972.401.653.101","-0.853447606834171",-71.35,12.199,387,"0","0","0","277.118.034.362.793","266.946.449.279.785",0.865702867507935,0.609165668487549,34,33,3.42,75.43,185.69,1768.6,517,32.1,2.67,4.84,"515.041.030.126.427","-176.894.059.657.812","P21S01"
"231","NEF_dryf_MACUI_2025",231,"P21S09","P21Q3","yes",5.63,0.265,"0.9686697","5.048.433","1.481.268","1.553.043","1.254.798","6.452.625","1.968.344","5.573.067","120.408","2.403.276","2.445.704","0.824914","3.424.251",0.3571553,"668.822.771","3.069.447.473","2.423.248.169","P21",2,"MACUI","undisturbed","MACUI","Guajira","-281.073.421.467.262","-155.847.736.487.711",-71.35,12.199,387,"0","0","0","277.118.034.362.793","266.946.449.279.785",0.865702867507935,0.609165668487549,34,33,3.42,75.43,185.69,1768.6,517,32.1,2.67,4.84,"515.041.030.126.427","-176.894.059.657.812","P21S09"
"232","NEF_dryf_MACUI_2025",232,"P21S10","P21Q3","yes",5.63,0.265,"0.9686697","5.048.433","1.481.268","1.553.043","1.254.798","6.452.625","1.968.344","5.573.067","120.408","2.403.276","2.445.704","0.824914","3.424.251",0.3571553,"668.822.771","3.069.447.473","2.423.248.169","P21",2,"MACUI","undisturbed","MACUI","Guajira","-281.073.421.467.262","-155.847.736.487.711",-71.35,12.199,387,"0","0","0","277.118.034.362.793","266.946.449.279.785",0.865702867507935,0.609165668487549,34,33,3.42,75.43,185.69,1768.6,517,32.1,2.67,4.84,"515.041.030.126.427","-176.894.059.657.812","P21S09"
"233","NEF_dryf_MACUI_2025",233,"P21S11","P21Q4","yes",5.95,0.266,"0.9679863","6.058.079","1.804.025","1.693.106","9.098.024","8.400.032","2.141.652","2.680.498","1.140.157","2.235.472","1.701.573","0.7683663","3.106.583",0.5372723,"7.495.994.016","2.261.682.807","2.423.231.769","P21",2,"MACUI","undisturbed","MACUI","Guajira","-278.070.280.114.393","-0.903152144207049",-71.35,12.199,387,"0","0","0","277.118.034.362.793","266.946.449.279.785",0.865702867507935,0.609165668487549,34,33,3.42,75.43,185.69,1768.6,517,32.1,2.67,4.84,"515.041.030.126.427","-176.894.059.657.812","P21S11"
"234","NEF_dryf_MACUI_2025",234,"P21S12","P21Q4","yes",5.95,0.266,"0.9679863","6.058.079","1.804.025","1.693.106","9.098.024","8.400.032","2.141.652","2.680.498","1.140.157","2.235.472","1.701.573","0.7683663","3.106.583",0.5372723,"7.495.994.016","2.261.682.807","2.423.231.769","P21",2,"MACUI","undisturbed","MACUI","Guajira","-278.070.280.114.393","-0.903152144207049",-71.35,12.199,387,"0","0","0","277.118.034.362.793","266.946.449.279.785",0.865702867507935,0.609165668487549,34,33,3.42,75.43,185.69,1768.6,517,32.1,2.67,4.84,"515.041.030.126.427","-176.894.059.657.812","P21S11"
"235","NEF_dryf_MACUI_2025",235,"P21S13","P21Q4","yes",5.95,0.266,"0.9679863","6.058.079","1.804.025","1.693.106","9.098.024","8.400.032","2.141.652","2.680.498","1.140.157","2.235.472","1.701.573","0.7683663","3.106.583",0.5372723,"7.495.994.016","2.261.682.807","2.423.231.769","P21",2,"MACUI","undisturbed","MACUI","Guajira","-278.070.280.114.393","-0.903152144207049",-71.35,12.199,387,"0","0","0","277.118.034.362.793","266.946.449.279.785",0.865702867507935,0.609165668487549,34,33,3.42,75.43,185.69,1768.6,517,32.1,2.67,4.84,"515.041.030.126.427","-176.894.059.657.812","P21S11"
"236","NEF_dryf_MACUI_2025",236,"P21S14","P21Q4","yes",5.95,0.266,"0.9679863","6.058.079","1.804.025","1.693.106","9.098.024","8.400.032","2.141.652","2.680.498","1.140.157","2.235.472","1.701.573","0.7683663","3.106.583",0.5372723,"7.495.994.016","2.261.682.807","2.423.231.769","P21",2,"MACUI","undisturbed","MACUI","Guajira","-278.070.280.114.393","-0.903152144207049",-71.35,12.199,387,"0","0","0","277.118.034.362.793","266.946.449.279.785",0.865702867507935,0.609165668487549,34,33,3.42,75.43,185.69,1768.6,517,32.1,2.67,4.84,"515.041.030.126.427","-176.894.059.657.812","P21S11"
"237","NEF_dryf_MACUI_2025",237,"P21S15","P21Q3","yes",5.63,0.265,"0.9686697","5.048.433","1.481.268","1.553.043","1.254.798","6.452.625","1.968.344","5.573.067","120.408","2.403.276","2.445.704","0.824914","3.424.251",0.3571553,"668.822.771","3.069.447.473","2.423.248.169","P21",2,"MACUI","undisturbed","MACUI","Guajira","-281.073.421.467.262","-155.847.736.487.711",-71.35,12.199,387,"0","0","0","277.118.034.362.793","266.946.449.279.785",0.865702867507935,0.609165668487549,34,33,3.42,75.43,185.69,1768.6,517,32.1,2.67,4.84,"515.041.030.126.427","-176.894.059.657.812","P21S09"
"238","NEF_dryf_MACUI_2025",238,"P21S16","P21Q3","yes",5.63,0.265,"0.9686697","5.048.433","1.481.268","1.553.043","1.254.798","6.452.625","1.968.344","5.573.067","120.408","2.403.276","2.445.704","0.824914","3.424.251",0.3571553,"668.822.771","3.069.447.473","2.423.248.169","P21",2,"MACUI","undisturbed","MACUI","Guajira","-281.073.421.467.262","-155.847.736.487.711",-71.35,12.199,387,"0","0","0","277.118.034.362.793","266.946.449.279.785",0.865702867507935,0.609165668487549,34,33,3.42,75.43,185.69,1768.6,517,32.1,2.67,4.84,"515.041.030.126.427","-176.894.059.657.812","P21S09"
