new.ID,SampleID,Codigo_Atlas,Latitud,Longitud,Concentracion_DNA,Rel_260_280,Fecha extraccion,pH,Humedad,NH4,NO3,HPO4,Ct ,Ci,Co,Nt,Pt,C_N,C_P,N_P,Cmic ,Nmic ,Cmic_Nmic,CO2,B-GLU,POX,LEU,FME,Estado,Localidad,Sitio,Altitud,Sistema,Clima,Tipo_suelo,Vegetacion_ general,Vegetacion_descripción,Tipo_manejo,Historia_manejo,Responsable,Recolector,Fecha_colecta
NEF_AtlasMXB_B01_2025,B01,MXB01_S,19.86,-97.986,20.4,1.99,45329,7.03,2.57,11.28048241,24.24,0,46.156,NA,NA,4.1445,0.332,11.13668718,139.0240964,12.48343373,124.2,56.5,2.2,80.0635767,0.013700516,2.703143657,0.241773807,0.03747494,Puebla,"Tuliman, Zacatlán",Milpa don Fernando,2220,agro,Templado semihúmedo,,Milpa tradicional,"Milpa con Maiz, frijol, calabaza, tomate, chayote, chile, quelites y arboles frutales",Milpa orgánica con rotación de cultivo y fertinización con composta de estiercol de vaca,Milpa tradicional orgánica por los últimos 10 años,Roberto Garibay,Bernardo Águila Salgado,01/07/2023
NEF_AtlasMXB_B02_2025,B02,MXB02_S,16.685,-92.981,13.6,2.06,45265,8.22,5.05,21.65153768,13.585,0,74.322,NA,NA,6.086125,0.369125,12.21171106,201.3464274,16.48797833,961.2,53.8,17.9,195.8677738,0.06781072,0.611594807,0.22989488,0.17448856,Chiapas,"Rancho El Recuerdo, Chiapa de Corzo",El Recuerdo,420,forestal,Tropical húmedo,Leptosol,Selva tropical húmeda,Selva mediana perennifolia- Coccoloba tunii de 15 m,Bosque maduro,Bosque maduro,Julieta Alvarez,Julieta Alvarez Manjarrez,08/09/2023
NEF_AtlasMXB_B03_2025,B03,MXB03_S,16.72,-93.121,15.6,2.03,45265,7.89,4.37,4.363463886,12.93,0,71.256,NA,NA,6.895625,0.11925,10.33350857,597.5345912,57.82494759,775.9,49.9,15.6,244.6607857,0.011495054,0.511874399,0.275470751,0.228258923,Chiapas,"Ejido Copoya, Tuxtla Gutiérrez",Copoya,863,forestal,Tropical semihúmedo,Somerorendzic Leptosol,Bosque de Gymnopodium floribundum,"Bosque maduro de Gymnopodium floribundum, compuesto por individuos de mayor ramificación y DAP de ramas y con presencia de un pequeño manchón de Quercus aledaño",Sujeto a recolecta de hongos silvestres comestibles,Bosque maduro,Julieta Alvarez,Ezequiel Alberto Cruz Campuzano,13/09/2023
NEF_AtlasMXB_B04_2025,B04,MXB04_S,16.649,-93.056,14.4,2.02,45265,7.8,4.03,9.493688363,9.525,0,53.068,NA,NA,5.722375,0.10275,9.273771817,516.4768856,55.69221411,242.8,51.7,4.7,175.0547046,0.042950816,1.811272041,0.333380143,0.236434015,Chiapas,"Carrillo Puerto, Chiapa de Corzo",Carrillo Puerto,764,forestal,Tropical semihúmedo,Leptic Luvisol,Bosque de Gymnopodium floribundum,"Bosque intermedio de Gymnopodium floribundum, compuesto por individuos con poca ramificación y otros de mayor ramificación y DAP de ramas",Sujeto a recolecta de hongos silvestres comestibles,Bosque maduro,Julieta Alvarez,Ezequiel Alberto Cruz Campuzano,17/09/2023
NEF_AtlasMXB_B05_2025,B05,MXB05_S,16.776,-93.144,12.6,2.04,45265,8.01,5.03,11.2399598,17.805,0,119.708,NA,NA,6.91775,0.172,17.30447038,695.9767442,40.21947674,1678.2,177.1,9.5,732.8887329,0.031830037,0.502349752,0.274895775,0.082262044,Chiapas,"Cueva de Laguitos, Tuxtla Gutiérrez",Cueva de Laguitos,807,forestal,Tropical semihúmedo,Petrocalcic Leptosol,Bosque de Gymnopodium floribundum,"Bosque intermedio de Gymnopodium floribundum, compuesto por individuos con poca ramificación y otros de mayor ramificación y DAP de ramas",Sujeto a recolecta de hongos silvestres comestibles,Bosque maduro,Julieta Alvarez,Ezequiel Alberto Cruz Campuzano,22/09/2023
NEF_AtlasMXB_B06_2025,B06,MXB06_S,19.478,-97.262,12.6,2.02,45343,7.8,0.89,2.67839196,0,0,6.434,NA,NA,0.908875,0.08775,7.079081282,73.32193732,10.35754986,212.9,21.4,9.9,199.7967332,0.042959309,1.720811241,0.42733338,0.340236415,Veracruz,"San Antonio Tenextepec, Perote",Tenextepec 01,2552,forestal,Seco templado y semifrío semiseco,"Confluencia de regosol, leptosol y una pequeña franja de fluvisol",Plantación de Pinus cembroides,Árboles de Pinus cembroides de aproximadamente 17 años,Plantación sujeta a corte de piñón y podas ocasionales. En una franja de la plantación se adicionó estiércol de rumiante. Adición de plántulas de regeneración natural dentro del área de la plantación,"Plantación establecida por poblador local, sin incluir fertilizantes y con una separación de alrededor de 2 m entre los árboles",Rosario Medel,José Alfredo,07/09/2023
NEF_AtlasMXB_B07_2025,B07,MXB07_S,19.484,-97.219,14.4,2.08,45343,6.41,4.06,2.51470385,0,18.36892892,21.138,NA,NA,1.67425,0.52625,12.62535464,40.1672209,3.181472684,607.8,39,15.6,187.5864238,0.116621393,0.447479239,0.15545427,0.126032944,Veracruz,"San Antonio Tenextepec, Perote",Tenextepec 02,2819,forestal,Seco templado y semifrío semiseco,"Confluencia de regosol, leptosol y una pequeña franja de fluvisol",Plantación de Pinus cembroides,Árboles de Pinus cembroides de aproximadamente siete años,"Plantación sujeta a corte de piñón. Las franjas de árboles se encuentran intercalados con un cultivo de maíz, por lo que el suelo se encuentra removido","Plantación establecida por poblador local, con una separación de alrededor de 2 m entre los árboles",Rosario Medel,José Alfredo,07/09/2023
NEF_AtlasMXB_B08_2025,B08,MXB08_S,19.61,-97.383,13.9,2.09,45266,9.59,0.55,0.733551402,0.615,0,7.032,NA,NA,0.53525,0.106,13.13778608,66.33962264,5.049528302,473.4,10.8,43.9,217.2158006,0.167781552,0.032440837,0.270819163,0.12014475,Veracruz,"San José de los Molinos, Perote",Frijol Colorado 01,2680,forestal,Clima de transición entre seco templado/semifrío semiseco y templado subhúmedo,"Leptosol, andosol",Reforestación de Pinus cembroides,Árboles de Pinus cembroides de entre 12 y 15 años,Sitio sujeto a corte de piñón,Reforestación establecida hace entre 12 y 15 años después de la explotación del sitio para extracción de tepecil. Manejo intensivo del suelo previo al establecimiento de los árboles,Rosario Medel,José Alfredo,14/09/2023
NEF_AtlasMXB_B09_2025,B09,MXB09_S,19.601,-97.39,13.8,1.99,45266,8.25,0.6,2.600339321,0,0,11.822,NA,NA,0.986125,0.0265,11.98833819,446.1132075,37.21226415,278.3,26.6,10.4,277.6795506,0.099924723,0.050555788,0.189580501,0.118882773,Veracruz,"San José de los Molinos, Perote",Frijol Colorado 02,2591,forestal,Clima de transición entre seco templado/semifrío semiseco y templado subhúmedo,"Leptosol, andosol",Bosque de Pinus cembroides,"Árboles maduros de Pinus cembroides, especies de Opuntia, Agave, Yucca, cactáceas y otras plantas típicas de zonas semiáridas",Sitio cercano a un banco de explotación de tepecil y milpas en la base del cerro,Bosque maduro de Pinus cembroides perturbado,Rosario Medel,José Alfredo,23/09/2023
NEF_AtlasMXB_B10_2025,B10,MXB10_S,19.612,-97.388,36.8,2.01,45266,7.2,1.03,4.188318408,0.08,0,27.768,NA,NA,1.918,0.01075,14.47758081,2583.069767,178.4186047,796.1,73.5,10.8,206.1287195,0.188020106,0.113458741,0.1255985,0.345496862,Veracruz,"San José de los Molinos, Perote",Frijol Colorado 03,2668,forestal,Clima de transición entre seco templado/semifrío semiseco y templado subhúmedo,"Leptosol, andosol",Bosque de Pinus cembroides,"Bosque maduro de Pinus cembroides con presencia de ""enebros (Juniperus deppeana)"" y plantas típicas de zonas semiáridas","Probablemente algunos árboles estén expuestos a recolección de piñón, generación de brechas y caminos para el acceso de las personas",Bosque maduro,Rosario Medel,José Alfredo,14/09/2023
NEF_AtlasMXB_B11_2025,B11,MXB11_S,19.593,-97.211,30.4,2.05,45266,7,0.83,5.452070858,0,0,15.185,NA,NA,1.145625,0.0785,13.2547736,193.4394904,14.59394904,653.4,28.2,23.2,139.1402493,0.005146613,0.052552197,0.263269047,0.013064479,Veracruz,"San José de los Molinos, Perote",Exhacienda Los Molinos,2447,forestal,Templado suhhúmedo en confluencia con el seco templado,Regosol confluyendo con andosol,Plantación de Pinus cembroides,"Árboles de Pinus cembroides de aproximadamente 30 años, con algunos árboles de Pinus eldarica intercalados","La plantación se estableció a través de un proyecto coordinado por académicos del INIFOR de la UV, bajo un tratamiento experimental. Al inicio se aplicaron deshierbes, chapeos y ruedos. La plantación está sujeta al corte de piñón","Plantación establecida en 1992, cubre un área de aproximadamente 0.75 ha., con una distancia de 2.5 m entre los árboles",Rosario Medel,José Alfredo,13/10/2023
NEF_AtlasMXB_B12_2025,B12,MXB12_S,19.605,-97.379,33,1.99,45267,7.6,0.67,3.128096677,0,0,22.431,NA,NA,1.828375,0.1225,12.26827101,183.1102041,14.9255102,876.4,48.4,18.1,295.9314284,0.175481442,0.090562762,0.107897373,0.216189975,Veracruz,"San José de los Molinos, Perote",Frijol Colorado 04,2552,forestal,Clima de transición entre seco templado/semifrío semiseco y templado subhúmedo,"Leptosol, andosol",Bosque de Pinus cembroides (parche),"Árboles de Pinus cembroides y algunas plantas características de áreas semiáridas (cactáceas, palmillas, etc.)",Sitio cercano a un banco de explotación de tepecil y ubicado al lado de carretera de asfalto,Remanente de bosque maduro,Rosario Medel,José Alfredo,13/10/2023
NEF_AtlasMXB_B13_2025,B13,MXB13_S,19.516,-97.431,33.4,1.97,45267,6.86,0.83,6.095114201,5.825,0,23.514,NA,NA,1.971375,0.038125,11.92771543,616.7606557,51.70819672,941.4,22.3,42.2,278.26274,0.117572808,0.011886048,0.193183603,0.210601797,Puebla,"Guadalupe Sarabia, Puebla",Cerro Pizarro 01,2612,forestal,Seco templado y semifrío semiseco,Leptosol,Bosque de Pinus cembroides,"Bosque maduro de Pinus cembroides con presencia de los géneros Yucca y Nolina, así como especies de pastos, cactáceas, magueyes, herbáceas y arbustos",Árboles sujetos a recolección de piñón,Bosque maduro,Rosario Medel,José Alfredo,27/10/2023
NEF_AtlasMXB_B14_2025,B14,MXB14_S,19.518,-97.434,35,1.93,45267,8.81,0.59,3.301603206,0,0,11.134,NA,NA,0.8095,0.025,13.75416924,445.36,32.38,761.3,59.5,12.8,458.7519614,0.067139736,0.0455825,0.263029788,0.088466475,Puebla,"Guadalupe Sarabia, Puebla",Cerro Pizarro 02,2605,forestal,Seco templado y semifrío semiseco,Leptosol,Bosque de Pinus cembroides,"Bosque maduro de Pinus cembroides con presencia de los géneros Yucca y Nolina, así como especies de pastos, cactáceas, magueyes, herbáceas y arbustos",Árboles sujetos a recolección de piñón,Bosque maduro,Rosario Medel,José Alfredo,27/10/2023
NEF_AtlasMXB_B15_2025,B15,MXB15_S,21.084,-105.176,33.9,2.01,45267,6.8,2.93,15.74521042,11.84,0,43.854,NA,NA,3.964125,0.544875,11.06271876,80.4845148,7.275292498,808.2,78.1,10.4,290.4820766,0.033570112,0.539449229,0.205869722,0.14803206,Nayarit,"Altavista, Compostela",Sierra de Vallejo 01,300,forestal,-,,Selva mediana subcaducifolia,Conservado,,,Rocío Vega Frutis,Rocío Vega Frutis,08/10/2023
NEF_AtlasMXB_B16_2025,B16,MXB16_S,21.082,-105.17,34.8,2.02,45267,6.75,2.27,3.9039,5.205,0,24.661,NA,NA,2.8235,0.38525,8.734195148,64.01297859,7.329007138,158.3,24.9,6.4,104.355585,0.015265238,3.352506205,0.262321068,0.049411166,Nayarit,"Altavista, Compostela",Sierra de Vallejo 02,300,agro,-,,Selva mediana subcaducifolia,Degradado,,,Rocío Vega Frutis,Rocío Vega Frutis,09/10/2023
NEF_AtlasMXB_B17_2025,B17,MXB17_S,19.516,-99.616,42.5,1.99,45320,5.83,7.38,12.19083156,2.65,0,45.694,NA,NA,3.632,0.42525,12.58094714,107.452087,8.540858319,510.6,28.5,17.9,71.25890736,0.013987071,0.325523645,0.244137965,0.043232765,Estado de México,"Jiquipilco, Jocotitlan",Jiquipilco,2798,agro,Templado semihúmedo,,Milpa de agave y maiz abandonada,Milpa con Encino y Maguey,"Tradicional asociado con cultivo de temporal maiz y trigo, Encinos Bellotas y con alta densidad de ectomycorrizas (hongo",Milpa de agave y maiz abandonada por 10 años,Roberto Garibay,Bernardo Águila Salgado,27/11/2023
NEF_AtlasMXB_B18_2025,B18,MXB18_S,21.292,-105.007,32,2.02,45320,6.67,5.87,17.07768718,28.255,0,43.411,NA,NA,4.740625,0.398625,9.157231378,108.9018501,11.89244277,278.8,7.3,38,274.1147228,0.018351981,0.12127786,0.268189174,0.006256357,Nayarit,"Cumbres de Huicicila, Compostela",Cumbres de Huicicila 01,916,forestal,-,,Bosque mesófilo de montaña,Conservado,,,Rocío Vega Frutis,Rocío Vega Frutis,11/10/2023
NEF_AtlasMXB_B19_2025,B19,MXB19_S,21.307,-105.016,39.3,1.98,45267,6.24,5.39,11.77581706,4.185,0,37.593,NA,NA,3.9155,0.097,9.60107266,387.556701,40.36597938,53.8,7.3,7.4,57.06636607,0.002904618,0.462944636,0.253531621,0.082989074,Nayarit,"Cumbres de Huicicila, Compostela",Cumbres de Huicicila 02,916,agro,-,,Cafetal de sombra,Agroecosistema,,,Rocío Vega Frutis,Rocío Vega Frutis,12/10/2023
NEF_AtlasMXB_B20_2025,B20,MXB20_S,21.223,-104.565,29.4,2.03,45321,5.42,2.74,9.353632735,1.175,0,59.523,NA,NA,3.767875,0.033375,15.79749859,1783.460674,112.8951311,508.4,8.3,61,18.50836304,0.004036576,0.073995369,0.236947003,0.015338988,Nayarit,"Tequepexpan, Santa Maria del Oro",Tequepexpan 01,1465,forestal,-,,Bosque,Vegetación secundaria,,,Rocío Vega Frutis,Rocío Vega Frutis,13/10/2023
NEF_AtlasMXB_B21_2025,B21,MXB21_S,21.216,-104.568,33.4,2.01,45320,6.39,4.3,12.84780938,9.88,25.15007485,60.084,NA,NA,3.97725,0.6765,15.10692061,88.81596452,5.879157428,1844.8,19.3,95.8,31.34493185,0.055794251,0.204218239,0.217843728,0.073024828,Nayarit,"Tequepexpan, Santa Maria del Oro",Tequepexpan 02,1465,agro,-,,Cafetal de sombra,Agroecosistema,,,Rocío Vega Frutis,Rocío Vega Frutis,14/10/2023
NEF_AtlasMXB_B22_2025,B22,MXB22_S,19.281,-97.988,33.8,2.01,45321,6.14,0.95,1.098278443,0,4.663922156,8.603,NA,NA,1.11275,0.37125,7.731296338,23.17306397,2.997306397,1248,30.6,40.8,115.0802098,0.034087779,0.068274761,0.236236238,0.05826632,Tlaxcala,"San Miguel Baez, Huamantla",Malinche 01,2987,agro,-,,Cultivo de haba,,,,Francisco Armendariz,Sandra García,11/11/2023
NEF_AtlasMXB_B23_2025,B23,MXB23_S,19.264,-98.018,39.6,1.96,45321,5.22,3.99,12.50966327,1.015,12.80617347,83.855,NA,NA,4.157875,0.626625,20.16775396,133.8200678,6.635348095,991.8,15.7,63.3,43.74708819,0.027805223,0.001292352,0.161106735,0.042525636,Tlaxcala,"San Miguel Baez, Huamantla",Malinche 02,3300,forestal,-,,Bosque de oyamel-pino,,,,Francisco Armendariz,Sandra García,11/11/2023
NEF_AtlasMXB_B24_2025,B24,MXB24_S,19.259,-98.022,27.8,1.97,45267,5.11,5.11,11.00146552,0,0,80.831,NA,NA,4.771625,0.3605,16.93993137,224.2191401,13.23613037,1960.3,50,39.2,101.1777248,0.003309949,0.029422342,0.204389339,0.162601235,Tlaxcala,"San Miguel Baez, Huamantla",Malinche 03,3439,forestal,-,,Bosque de oyamel/ganado,,,,Francisco Armendariz,Sandra García,11/11/2023
NEF_AtlasMXB_B33_2025,B33,MXB33_S,18.994,-97.295,30.9,2.01,45267,5.35,7.69,11.06659729,4.025,25.67637877,83.455,NA,NA,4.0425,0.290875,20.64440322,286.9101848,13.89772239,680.2,17,40,58.49089623,0.005103642,0.051079426,0.179478087,0.06634735,Veracruz,"Valle del encuentro, Pico de Orizaba",Valle del encuentro,3943,forestal,-,,Bosque de Pino,,,,Francisco Armendariz,Enrico Ruiz,02/12/2023
NEF_AtlasMXB_B34_2025,B34,MXB34_S,18.972,-97.287,25.9,2,45268,5.73,3.87,5.906851665,1.69,0,45.857,NA,NA,3.188125,0.353375,14.38368947,129.7686594,9.021931376,1147.3,17.5,65.4,62.40496449,0.07522354,0.03258555,0.252571,0.033487768,Veracruz,"El Manchon, Pico de Orizaba",El Manchon,3604,forestal,-,,Bosque de Abies-Quercus,,,,Francisco Armendariz,Enrico Ruiz,02/12/2023
NEF_AtlasMXB_B35_2025,B35,MXB35_S,18.904,-97.314,26.5,1.99,45322,6.08,0.95,5.446322645,23.92,0.376127255,5.074,NA,NA,0.828125,0.244375,6.12709434,20.76317136,3.388746803,1312.8,75.2,17.5,78.77212436,0.025774828,0.254414516,0.237524954,0.027757507,Veracruz,"Campo agricola, Pico de Orizaba",Pico Orizaba agricola,2743,agro,-,,Cultivo de brocoli,,,,Francisco Armendariz,Enrico Ruiz,02/12/2023
NEF_AtlasMXB_B39_2025,B39,MXB39_S,19.124,-99.189,29.6,2.03,45323,5.16,6.34,12.9438254,3.295,0,78.286,0.0018585,78.2841415,3.536125,0.868625,22.13839768,90.12420953,4.07094546,1003.8249,83.0712914,12.08389665,111.7078281,0.011563265,0.006852439,0.091267199,0.009498396,Ciudad de México,"Parres, Tlalpan",Ejido Parres El Guarda (SPMFYS),2980,forestal,"Cb(w2)(w), semifrio",Andosol Mólico,Pastizal,Pastizal-Zacate,Conservación,Área de Conservación y Restauración Ambiental Comunitaria bajo el cuidado del Núcleo Agrario,Edwin Sosa Cabrera,Equipo CORENADR,23/10/2023
NEF_AtlasMXB_B40_2025,B40,MXB40_S,19.125,-99.172,27.1,2.08,45323,4.98,2.97,10.96200153,1.72,9.518673771,28.67,0.0019368,28.6680632,2.056125,1.587875,13.94276282,18.05435768,1.294890971,541.8683138,34.48193592,15.71455602,92.35503352,0.003966599,0.008932369,0.089645148,0.018246358,Ciudad de México,"San Miguel Topilejo, Tlalpan",San Miguel Topilejo,2980,agro,"Cb(w2)(w), semifrio",Andosol Mólico,Agricultura activa,Cultivo de avena,Cultivo de Avena (Avena sativa),Parcela de Víctor Vázquez Zapata (CIIC 2),Edwin Sosa Cabrera,Equipo CORENADR,23/10/2023
NEF_AtlasMXB_B41_2025,B41,MXB41_S,19.313,-99.323,25.6,2.01,45268,5.11,8.58,13.4628869,15.69,0,124.329,0.0028988,124.3261012,4.781375,1.022,26.0021649,121.6498055,4.678449119,101.372206,35.72762012,2.837362402,102.9252757,0.05187545,0.035277255,0.093971102,0.071009837,Ciudad de México,"San Lorenzo Acopilco, Cuajimalpa",Comunidad de San Lorenzo Acopilco (SPMFYS),3100,forestal,"Cb(w2)(w), semifrio",Andosol Húmico,Bosque,B-Oyamel,Conservación,Área de Conservación y Restauración Ambiental Comunitaria bajo el cuidado del Núcleo Agrario,Edwin Sosa Cabrera,Equipo CORENADR,27/11/2023
NEF_AtlasMXB_B42_2025,B42,MXB42_S,19.303,-99.295,31.7,2.02,45268,5.2,7.17,13.19113516,12.915,0,122.768,0.0026665,122.7653335,6.92275,0.792375,17.73360781,154.9333756,8.73670926,1042.703618,71.3971867,14.60426757,128.1759868,0.049753492,0.027027116,0.14843125,0.133505203,Ciudad de México,"Santa Rosa Xochiac, Álvaro Obregón",Comunidad Santa Rosa Xochiac (SPMFYS),3500,forestal,"Cb(w2)(w), semifrio",Andosol Húmico,Pastizal,Pastizal-Zacate,Conservación,Área de Conservación y Restauración Ambiental Comunitaria bajo el cuidado del Núcleo Agrario,Edwin Sosa Cabrera,Equipo CORENADR,27/11/2023
NEF_AtlasMXB_B43_2025,B43,MXB43_S,19.228,-98.972,28.3,1.96,45322,8.02,15.42,12.98734086,411.8,150.3297362,81.97,1.554,80.416,6.078125,1.597625,13.23039589,50.33471559,3.804475393,419,97.54255258,4.295561157,230.5020772,0.022519639,0.034861013,0.034928419,0.032170912,Ciudad de México,"San Andrés Mixquic, Tláhuac",Los Reyes,2200,agro,"BS1kw(w), seco semiarido",Gleysol molico,Agricultura activa,Cultivo de Calabaza,Cultivo de Calabaza,Parcela de Braulio Núñez Peña (DCPS),Edwin Sosa Cabrera,Equipo CORENADR,10/11/2023
NEF_AtlasMXB_B44_2025,B44,MXB44_S,19.134,-99.221,41.6,2.01,45322,4.93,10.52,9.291120401,56.385,0,76.043,0.0020893,76.0409107,5.163375,1.601125,14.72697813,47.49217625,3.224841908,933.7683435,61.12093811,15.27738893,85.89960398,0.002625987,0.002593618,0.263911691,0.052519739,Ciudad de México,"San Miguel Topilejo, Tlalpan",Comunidad San Miguel Topilejo 2 (SPMFYS),3220,forestal,"Cb(w2)(w), semifrio",Andosol Húmico,Pastizal,Pastizal-Zacate,Conservación,Área de Conservación y Restauración Ambiental Comunitaria bajo el cuidado del Núcleo Agrario,Edwin Sosa Cabrera,Equipo CORENADR,15/11/2023
NEF_AtlasMXB_B45_2025,B45,MXB45_S,19.256,-99.265,30.4,1.99,45273,5.29,9.12,11.33455915,10.525,0,89.864,0.0044475,89.8595525,4.4995,0.690375,19.97100845,130.1604961,6.517472388,457.3265281,20.42537828,22.39011302,68.79400219,0.017832301,0.003019285,0.125250688,0.052647747,Ciudad de México,"San Nicolás Totolapan, La Magdalena Contreras",Ejido San Nicolás Totolapan,3059,forestal,"Cb(w2)(w), semifrio",Andosol Húmico,Bosque,B-Oyamel,Conservación,Área de Conservación y Restauración Ambiental Comunitaria bajo el cuidado del Núcleo Agrario,Edwin Sosa Cabrera,Equipo CORENADR,23/11/2023
NEF_AtlasMXB_B46_2025,B46,MXB46_S,19.212,-99.253,39.4,1.98,45273,4.36,8.28,16.57567568,9.13,0,125.354,0.0045022,125.3494978,5.73525,1.032625,21.855978,121.3891759,5.554049147,551.4739229,47.38071405,11.63920667,89.07316873,0.006714247,0.039291543,0.150231266,0.02014274,Ciudad de México,"San Miguel Ajusco, Tlalpan",Comunidad San Miguel Ajusco (SPMFYS),3676,forestal,"Cb(w2)(w), semifrio",Andosol Húmico,Pastizal,Pastizal-Zacate,Conservación,Área de Conservación y Restauración Ambiental Comunitaria bajo el cuidado del Núcleo Agrario,Edwin Sosa Cabrera,Equipo CORENADR,21/11/2023
NEF_AtlasMXB_B47_2025,B47,MXB47_S,19.199,-99.247,35.6,2.02,45323,4.54,8.15,10.6322578,3.37,0,80.387,0.0031193,80.3838807,3.66525,0.577875,21.93135003,139.1025407,6.342634653,246.051771,32.75076081,7.512856646,38.87167778,0.017078632,0.009614825,0.347977128,0.043550512,Ciudad de México,"San Miguel Ajusco, Tlalpan",Comunidad San Miguel Ajusco (SPMFYS),3438,forestal,"Cb(w2)(w), semifrio",Andosol Húmico,Bosque,Bosque Pino,Conservación,Área de Conservación y Restauración Ambiental Comunitaria bajo el cuidado del Núcleo Agrario,Edwin Sosa Cabrera,Equipo CORENADR,21/11/2023
NEF_AtlasMXB_B48_2025,B48,MXB48_S,19.266,-99.219,31.4,2.06,45273,4.47,10.09,11.85343612,9.98,0,86.926,0.0025286,86.9234714,5.528625,1.002,15.72243938,86.74997146,5.51758982,1945.938326,61.92070485,31.42629482,70.4271481,0.003011522,0.007138562,0.027964132,0.046893698,Ciudad de México,"San Andres Totoltepec, Tlalpan",Ejido San Andres Totoltepec (SPMFYS),2740,forestal,"Cb(w2)(w), semifrio",Litosol,Bosque,Bosque Encino,Conservación,Área de Conservación y Restauración Ambiental Comunitaria bajo el cuidado del Núcleo Agrario,Edwin Sosa Cabrera,Equipo CORENADR,23/11/2023
NEF_AtlasMXB_B49_2025,B49,MXB49_S,19.134,-99.206,35.8,2.01,45274,4.68,11.46,14.96970523,9.43,0,119.736,0.0038783,119.7321217,7.36875,1.37375,16.24863399,87.15714045,5.363967243,222.2411498,8.233785138,26.99137105,57.25882885,0.012231745,0.100444653,0.08256428,0.062032422,Ciudad de México,"San Miguel Topilejo, Tlalpan",Comunidad San Miguel Topilejo (SPMFYS),3220,forestal,"Cb(w2)(w), semifrio",Litosol,Bosque,Bosque Pino,Conservación,Área de Conservación y Restauración Ambiental Comunitaria bajo el cuidado del Núcleo Agrario,Edwin Sosa Cabrera,Equipo CORENADR,15/11/2023
NEF_AtlasMXB_B50_2025,B50,MXB50_S,19.339,-99.326,36.3,2.03,45322,5.57,7.02,5.439177316,9.07,11.98831138,24.137,0.0019925,24.1350075,2.240625,1.137375,10.77155146,21.21992087,1.969996703,66.1594836,42.68725595,1.549864992,3.417339685,0.015200746,0.051045478,0.016889718,0.051935883,Ciudad de México,"San Lorenzo Acopilco, Cuajimalpa","Shancocoyo, San Lorenzo Acopilco",2900,agro,"Cb(w2)(w), semifrio",Andosol Humico,Agricultura activa,Cultivo de maíz,Cultivo de Maíz,Parcela de Carlo Téllez Cervantes (CIIC 1),Edwin Sosa Cabrera,Equipo CORENADR,13/11/2023
NEF_AtlasMXB_B51_2025,B51,MXB51_S,19.224,-99.179,27.6,2.05,45320,4.72,8.58,16.48785211,17.16,0,95.966,0.0031427,95.9628573,5.591125,0.859625,17.16342548,111.6333951,6.504144249,179.4695106,89.62425264,2.00246591,89.05282186,0.033847138,0.021060853,0.151465941,0.024962264,Ciudad de México,"San Miguel Xicalco, Tlalpan",Ejido San Miguel Xicalco (SPMFYS),2960,forestal,"Cb(w2)(w), semifrio",Andosol Húmico,Bosque,Bosque mixto,Conservación,Área de Conservación y Restauración Ambiental Comunitaria bajo el cuidado del Núcleo Agrario,Edwin Sosa Cabrera,Equipo CORENADR,21/11/2023
NEF_AtlasMXB_B52_2025,B52,MXB52_S,19.22,-99.143,28.7,1.97,45323,5.69,7.49,9.433696921,17.6,0,72.922,0.0043776,72.9176224,5.17325,0.79525,14.09512828,91.69144596,6.505187048,175.3367708,17.28560195,10.14351547,45.57119437,0.054741945,0.005532455,0.13834011,0.070018767,Ciudad de México,"Santiago Tepalcatlalpan, Xochimilco",Comunidad de Santiago Tepalcatlalpan (SPMFYS),2640,forestal,"Cb(w2)(w), templado subhumedo",Litosol,Bosque,Bosque Encino,Conservación,Área de Conservación y Restauración Ambiental Comunitaria bajo el cuidado del Núcleo Agrario,Edwin Sosa Cabrera,Equipo CORENADR,24/11/2023
NEF_AtlasMXB_B53_2025,B53,MXB53_S,19.209,-99.093,32.9,1.99,45321,5.3,5.66,6.544793626,8.255,0,69.658,0.0022245,69.6557755,3.081625,0.808625,22.60358593,86.14101159,3.810944505,104.5825271,51.38914045,2.035109485,43.5605528,0.005369444,0.001958126,0.112758317,0.046259822,Ciudad de México,"Santa Cecilia Tepetlapa, Xochimilco",Comunidad de Santa Cecilia Tepetlapa (SPMFYS),2600,forestal,"Cb(w1)(w), templado subhumedo",Andosol Mólico,Bosque,Bosque Encino,Conservación,Área de Conservación y Restauración Ambiental Comunitaria bajo el cuidado del Núcleo Agrario,Edwin Sosa Cabrera,Equipo CORENADR,27/11/2023
NEF_AtlasMXB_B54_2025,B54,MXB54_S,19.107,-99.161,33.2,1.98,45322,4.9,10.64,20.40884551,29.01,0,118.168,0.0033732,118.1646268,6.243875,1.163375,18.92488668,101.5705399,5.367035565,217.2410936,87.33275912,2.487509793,48.70470721,0.00571169,0.001041468,0.2495569,0.031194612,Ciudad de México,"San Miguel Topilejo, Tlalpan",Ejido San Miguel Topilejo,3034,forestal,"Cb(w2)(w), semifrio",Andosol Húmico,Bosque,Bosque mixto,Conservación,Área de Conservación y Restauración Ambiental Comunitaria bajo el cuidado del Núcleo Agrario,Edwin Sosa Cabrera,Equipo CORENADR,15/11/2023
NEF_AtlasMXB_B55_2025,B55,MXB55_S,19.117,-99.071,30.9,2,45328,4.84,9.24,12.81180195,7.18,0,74.239,0.002281,74.236719,5.414875,1.941375,13.7097752,38.23924744,2.789195802,258.0991254,77.93260649,3.311824626,68.94384588,0.008971722,0.018734967,0.001708899,0.053403106,Ciudad de México,"San Pablo Oztotepec, Milpa Alta",San Pablo Oztotepec,3020,forestal,"Cb(w2)(w), semifrio",Andosol Húmico,Pastizal,Pastizal-Zacate,,,Edwin Sosa Cabrera,Equipo CORENADR,30/10/2023
NEF_AtlasMXB_B56_2025,B56,MXB56_S,19.153,-99.11,33,2.04,45273,4.87,7.17,12.64835929,3.395,0,93.991,0.0020112,93.9889888,6.1685,1.07825,15.23692775,87.16808607,5.72084396,223.548726,6.756892231,33.0845481,114.4640999,0.00622718,0.004072003,0.243933672,0.163624523,Ciudad de México,"San Salvador Cuauhtenco, Milpa Alta",Comunidad San Salvador Cuauhtenco,3340,forestal,"Cb(w2)(w), semifrio",Regosol Eútrico,Bosque,VSA/Bosque pino,,,Edwin Sosa Cabrera,Equipo CORENADR,30/10/2023
NEF_AtlasMXB_B57_2025,B57,MXB57_S,19.133,-99.046,34.6,2.01,45268,4.79,8.58,12.51417742,28.6,0,91.041,0.004101,91.036899,6.991375,1.107375,13.02131541,82.20963901,6.313466531,97.39226099,11.36089207,8.572589225,167.1403771,1.19E-17,0.020611374,0.039870918,0.073379456,Ciudad de México,"Villa Milpa Alta, Milpa Alta",Milpa Alta,3160,forestal,"Cb(w2)(w), templado subhumedo",Litosol,Bosque,Bosque mixto,,,Edwin Sosa Cabrera,Equipo CORENADR,28/11/2023
NEF_AtlasMXB_B58_2025,B58,MXB58_S,19.103,-98.988,34.9,2,45271,4.79,7.39,8.612219851,8.495,0,63.002,0.0026787,62.9993213,3.64875,0.66775,17.26600104,94.34567024,5.464245601,135.8308492,0.264569087,513.4040816,58.90664202,0.026862593,0.008954373,0.021825857,0.083945603,Ciudad de México,"Monte Tláloc, Milpa Alta",Monte Tláloc,3560,forestal,"Cb(w2)(w), templado subhumedo",Andosol Húmico,Bosque,VSA/Bosque pino,,,Edwin Sosa Cabrera,Equipo CORENADR,28/11/2023
NEF_AtlasMXB_B59_2025,B59,MXB59_S,19.156,-98.967,33.2,2.02,45328,5.82,8.19,12.57364078,5.6,0,62.272,0.0031658,62.2688342,3.96075,1.13575,15.72147553,54.82618023,3.487343165,259.3782592,20.57725039,12.60509807,102.9992386,0.037165488,0.00300333,0.045612189,0.094603059,Ciudad de México,"Santa Ana Tlacotenco, Milpa Alta",Ejido Santa Ana Tlacotenco (SPMFYS),2760,forestal,"Cb(w1)(w), templado subhumedo",Feozem Háplico,Bosque,Bosque mixto,Agroforestal,Área de Conservación y Restauración Ambiental Comunitaria bajo el cuidado del Núcleo Agrario,Edwin Sosa Cabrera,Equipo CORENADR,28/11/2023
NEF_AtlasMXB_B60_2025,B60,MXB60_S,19.225,-99.284,37.4,2,45328,4.51,13.37,24.13400113,13.855,0,132.983,0.0034986,132.9795014,6.4375,0.931,20.65700993,142.835125,6.914607948,145.9107815,30.77351392,4.741440378,107.2639165,0.009322183,0.032620058,0.055045273,0.886939157,Ciudad de México,"La Magdalena Petlacalco, Tlalpan",Ejido La Magdalena Petlacalco,3415,forestal,"Cb(w2)(w), semifrio",Andosol Húmico,Bosque,Bosque mixto,,Área de Conservación y Restauración Ambiental Comunitaria bajo el cuidado del Núcleo Agrario,Edwin Sosa Cabrera,Equipo CORENADR,21/11/2023
NEF_AtlasMXB_B61_2025,B61,MXB61_S,19.224,-99.031,33.3,1.99,45328,5.76,3.45,6.22918898,3.45,0,29.965,0.0021925,29.9628075,2.49425,0.527,12.01275233,56.8554222,4.732922201,289.2680104,35.99226965,8.036948301,35.36336845,0.01566273,0.009995783,0.038152803,0.020482031,Ciudad de México,"Santiago Tulyehualco, Xochimilco",Volcán Teuhtli,2680,forestal,"BS1kw(w), seco semiarido",Andosol Húmico,Pastizal,Pastizal-Zacate,Conservación,Área de Conservación y Restauración Ambiental Comunitaria bajo el cuidado del Núcleo Agrario,Edwin Sosa Cabrera,Equipo CORENADR,28/11/2023
NEF_AtlasMXB_B62_2025,B62,MXB62_S,19.183,-98.966,34.7,2.04,45274,5.59,7.1,5.609418239,3.13,8.192258931,30.302,0.0020406,30.2999594,2.117625,1.133125,14.30846321,26.74017377,1.868836183,418.5629573,77.26314155,5.417369122,59.04169167,0.014915276,0.002455237,0.01035783,0.077062259,Ciudad de México,"San Nicolás Tetelco, Milpa Alta",Ejido Tetelco,2500,agro,"Cb(w1)(w), templado subhumedo",Litosol,Agricultura activa,Cultivo de Maíz,Cultivo de Maíz,Parcela de Clemente Guillermo Jiménez Pineda (DCPS),Edwin Sosa Cabrera,Equipo CORENADR,10/11/2023
NEF_AtlasMXB_B63_2025,B63,MXB63_S,19.275,-99.068,36.8,1.99,45328,7.84,13.66,10.79852586,49.9,62.25975334,65.914,3.174,62.74,5.331125,1.0835,11.76862295,57.9049377,4.920281495,202.9641723,40.6293742,4.995503286,209.532592,0.038099005,0.052681135,0.016781705,0.003628477,Ciudad de México,"San Gregorio Atlapulco, Xochimilco",Ejido San Gregorio Atlapulco,2260,forestal,"BS1kw(w), seco semiarido",Feozem Háplico,Humedal,Humedal,Conservación,Área de Conservación y Restauración Ambiental Comunitaria bajo el cuidado del Núcleo Agrario,Edwin Sosa Cabrera,Equipo CORENADR,24/11/2023
NEF_AtlasMXB_B64_2025,B64,MXB64_S,19.326,-99.005,34.3,2.07,45274,6.24,1.87,5.963680203,4.465,0.750929294,22.597,0.0019999,22.5950001,1.7445,0.563125,12.95213534,40.1243065,3.097891232,96.55861498,3.743836959,25.79135151,83.41375515,0.007470895,0.016777073,0.036568063,0.117175083,Ciudad de México,"Santa Catarina, Tláhuac",ANP Sierra de Santa Catarina,2580,forestal,"BS1kw(w), seco semiarido",Regosol Eútrico,Pastizal,Pastizal-Zacate,Conservación,Área Natural Protegida Estatal,Edwin Sosa Cabrera,Equipo CORENADR,27/10/2023
NEF_AtlasMXB_B65_2025,B65,MXB65_S,19.346,-99.09,40.1,2.08,45328,6.38,4.47,4.466911765,3.01,2.345851492,26.042,0.0024949,26.0395051,2.05475,0.438375,12.67283373,59.40006866,4.687197035,174.8563638,7.5104143,23.28185328,88.23676659,0.066881623,0.017190793,0.087429592,0.076148354,Ciudad de México,"Cerro de la Estrella, Iztapalapa",Parque Nacional Cerro de la Estrella,2320,forestal,"BS1kw(w), seco semiarido",Feozem Háplico,Pastizal,Pastizal-Zacate,Conservación,Parque Nacional reconocido como Área Natural Protegida,Edwin Sosa Cabrera,Equipo CORENADR,27/10/2023
NEF_AtlasMXB_B66_2025,B66,MXB66_S,19.564,-99.111,40.8,2.04,45271,7.41,7.16,12.3372696,4.475,27.18882801,69.6,0.0043583,69.5956417,4.801625,0.2875,14.49418514,242.0717972,16.70130435,791.994974,41.70455882,18.9906091,93.44026095,0.005527327,0.002955354,0.009142947,0.053195328,Ciudad de México,"Cuautepec, Gustavo A. Madero",ANP Sierra de Guadalupe,2570,forestal,"BS1kw(w), seco semiarido",Feozem Háplico,Matorral,Matorral,Conservación,Área Natural Protegida Estatal,Edwin Sosa Cabrera,Equipo CORENADR,27/10/2023
NEF_AtlasMXB_B67_2025,B67,MXB67_S,19.318,-99.277,30.3,2.01,45271,5.9,8.54,6.0396875,12.725,11.19203329,25.79,0.0022507,25.7877493,2.199375,0.77675,11.7250352,33.1995485,2.831509495,221.614024,96.7088271,2.291559423,67.5833481,0.001683357,0.059355087,0.015991893,0.046713162,Ciudad de México,"San Bartolo Ameyalco, Álvaro Obregón","El Colgado, San Bartolo Ameyalco",2900,agro,"Cb(w2)(w), semifrio",Feozem luvico,Agricultura activa,Cultivo de Maíz en Policultivo,Cultivo de Maíz en Policultivo,Parcela de Margarito Saldívar Gutiérrez (CIIC 1),Edwin Sosa Cabrera,Equipo CORENADR,13/11/2023
NEF_AtlasMXB_B68_2025,B68,MXB68_S,19.274,-99.252,38.1,2.01,45271,6.03,6.81,8.134330645,8.875,42.10965833,16.711,0.002343,16.708657,1.534125,0.769,10.89132698,21.72777243,1.994960988,119.1941715,47.83970622,2.491532263,50.96900378,0.020550781,0.078429402,0.049321875,0.121660625,Ciudad de México,"San Nicolás Totolapan, La Magdalena Contreras","El Gavillero, San Nicolas Totolapan (Ejido)",2600,agro,"Cb(w2)(w), semifrio",Feozem haplico,Agricultura activa,Cultivo de Maíz/ Haba,Cultivo de Maíz/ Haba,Parcela de Miguel Gutiérrez Gallegos (CIIC 1),Edwin Sosa Cabrera,Equipo CORENADR,13/11/2023
NEF_AtlasMXB_B69_2025,B69,MXB69_S,19.222,-99.162,27.9,2.04,45274,5.47,5.07,4.502690525,3.355,6.324330321,13.632,0.0020416,13.6299584,1.20975,0.552,11.26675627,24.69195362,2.191576087,236.2790557,7.005739296,33.72649847,76.11994973,0.000814902,0.002897485,0.042782343,0.08760194,Ciudad de México,"San Miguel Xicalco, Tlalpan",San Miguel Xicalco,2840,agro,"Cb(w2)(w), semifrio",Feozem haplico,Agricultura activa,Cultivo de maíz,Cultivo de maíz,Parcela de Isidra Balderas Onofre (CIIC 2),Edwin Sosa Cabrera,Equipo CORENADR,31/10/2023
NEF_AtlasMXB_B70_2025,B70,MXB70_S,19.249,-98.966,34,2.01,45322,6.33,13.37,9.399526406,167.53,72.42236599,54.196,0.0124379,54.1835621,4.172125,1.86875,12.98704188,28.99454828,2.232575251,149.4661391,60.51662542,2.469835985,139.3259908,0.019390758,0.016034015,0.056368482,0.04193815,Ciudad de México,"San Andrés Mixquic, Tláhuac",Tabla 4-12,2200,agro,"BS1kw(w), seco semiarido",Gleysol molico,Agricultura activa,Cultivo de Brócoli,Cultivo de Brócoli,Parcela de Juan Carlos Galicia Romero (DCPS),Edwin Sosa Cabrera,Equipo CORENADR,10/11/2023
NEF_AtlasMXB_B71_2025,B71,MXB71_S,19.188,-99.22,28.5,2.04,45273,4.54,4.79,5.36201973,12.295,1.501869902,40.94,0.0023184,40.9376816,2.8945,0.824875,14.14326537,49.62895178,3.509016518,265.5390084,59.95328662,4.429098443,68.54506759,0.016041119,0.032174268,0.056760881,0.064575785,Ciudad de México,"San Miguel Ajusco, Tlalpan","Plan De Mezotepec, San Miguel Ajusco",3360,agro,"Cb(w2)(w), semifrio",Andosol Humico,Agricultura activa,Cultivo de avena,Cultivo de avena,Parcela de Benito Camacho García (CIIC 2),Edwin Sosa Cabrera,Equipo CORENADR,31/10/2023
NEF_AtlasMXB_B72_2025,B72,MXB72_S,19.151,-99.122,32.8,2.02,45328,4.67,9.56,8.150717822,6.15,0,78.032,0.0022617,78.0297383,3.99025,1.08625,19.55510013,71.83405137,3.673417722,107.5059374,9.41817167,11.41473539,82.72905855,0.003429846,0.015244056,0.164203858,0.101180445,Ciudad de México,"San Salvador Cuauhtenco, Milpa Alta",San Salvador Cuauhtenco,3220,agro,"Cb(w2)(w), semifrio",Andosol molico,Agricultura activa,Cultivo de avena,Cultivo de avena,Parcela de Sandy Gabriela Estefanía García Almaras (CIIC 3),Edwin Sosa Cabrera,Equipo CORENADR,03/11/2023
NEF_AtlasMXB_B73_2025,B73,MXB73_S,19.197,-99.074,32.9,2.04,45273,5.88,6.01,4.869680851,1.685,3.727286846,15.488,0.0034835,15.4845165,1.477375,0.553375,10.48110094,27.98195889,2.669753784,275.0912524,83.41067058,3.298034298,91.69537984,0.098011222,0.060777641,0.48261222,0.034738155,Ciudad de México,"San Pablo Oztotepec, Milpa Alta",San Pablo Oztotepec,2580,agro,"Cb(w1)(w), templado subhumedo",Feozem haplico,Agricultura activa,Cultivo de maíz,Cultivo de maíz,Parcela de Inés Ramírez Mendoza (CIIC 3),Edwin Sosa Cabrera,Equipo CORENADR,03/11/2023
NEF_AtlasMXB_B74_2025,B74,MXB74_S,19.209,-99.029,36.8,2.01,45328,7.44,3.41,5.4001931,99.715,753.9740167,34.137,0.014378,34.122622,3.483125,2.454875,9.796553957,13.89994277,1.418860431,987.7835539,99.66195636,9.911340195,79.64904289,0.229127168,0.179940289,0.039848203,0.10998104,Ciudad de México,"Villa Milpa Alta, Milpa Alta","Ahuitetepehualoya, Milpa Alta",2440,agro,"BS1kw(w), seco semiarido",Feozem haplico,Agricultura activa,Cultivo de Nopal,Cultivo de Nopal,Parcela de Víctor Manuel Ríos Uribe (CIIC 3),Edwin Sosa Cabrera,Equipo CORENADR,03/11/2023
NEF_AtlasMXB_B75_2025,B75,MXB75_S,19.167,-99.021,34.9,0.197,45273,7.23,5.18,13.20257664,170.97,731.9119409,42.337,1.959,40.378,3.967,2.461125,10.1784724,16.40631825,1.611864493,556.2182956,32.599929,17.06194807,75.82024558,0.100115643,0.030274854,0.132663527,0.052323814,Ciudad de México,"San Lorenzo Tlacoyucan, Milpa Alta","Telera, San Lorenzo Tlacoyucan",2800,agro,"Cb(w1)(w), templado subhumedo",Feozem haplico,Agricultura activa,Cultivo de Nopal,Cultivo de Nopal,Parcela de María Cristina Cervantes Cabello (CIIC 3),Edwin Sosa Cabrera,Equipo CORENADR,06/11/2023
NEF_AtlasMXB_B76_2025,B76,MXB76_S,19.205,-98.977,30.3,1.98,45273,7.58,3.92,10.85848279,114.87,670.4811885,45.183,0.0041588,45.1788412,3.0705,1.194125,14.71383853,37.83426459,2.571338846,446.8925396,71.97956208,6.208603202,132.7072933,0.088671141,0.030026793,0.03841054,0.165492222,Ciudad de México,"San Francisco Tecoxpa, Milpa Alta","El Arenal, San Francisco Tecoxpa",2260,agro,"BS1kw(w), seco semiarido",Fluvisol eutrico,Agricultura activa,Cultivo de Nopal,Cultivo de Nopal,Parcela de Pedro Ramírez Peña (CIIC 3),Edwin Sosa Cabrera,Equipo CORENADR,06/11/2023
NEF_AtlasMXB_B77_2025,B77,MXB77_S,19.183,-98.977,28.4,1.97,45329,6.19,2.35,3.557367617,10.45,64.48483416,25.426,0.0035293,25.4224707,1.900875,0.529625,13.37408862,48.00088874,3.589096059,492.7688952,70.31071269,7.008446883,127.2854523,0.19002796,0.107534619,0.05256921,0.206382825,Ciudad de México,"San Jerónimo Miacatlán, Milpa Alta",San Jerónimo Miacatlán,2500,agro,"Cb(w1)(w), templado subhumedo",Feozem haplico,Agricultura activa,Cultivo de Frutales,Cultivo de Frutales,Parcela de Víctor Manuel Noriega Arenas (CIIC 3),Edwin Sosa Cabrera,Equipo CORENADR,06/11/2023
NEF_AtlasMXB_B78_2025,B78,MXB78_S,19.156,-98.974,36.6,2.02,45329,5.58,6.02,21.42888711,7.005,10.70781759,27.701,0.0027428,27.6982572,1.900875,0.8305,14.57131963,33.35130307,2.288832029,223.0124847,56.3874763,3.955000283,71.08755276,0.032422984,0.005419332,0.189009372,0.038658174,Ciudad de México,"Santa Ana Tlacotenco, Milpa Alta","La Era, Santa Ana Tlacotenco",2720,agro,"Cb(w1)(w), templado subhumedo",Feozem haplico,Agricultura activa,Cultivo de maíz,Cultivo de maíz,Parcela de Lucina Pineda Lima (CIIC 3),Edwin Sosa Cabrera,Equipo CORENADR,06/11/2023
NEF_AtlasMXB_B79_2025,B79,MXB79_S,19.191,-99.124,39.5,2.03,45329,5.75,6.19,4.946520855,6.345,35.49889497,10.039,0.0025584,10.0364416,1.073375,0.873,9.350359008,11.49649668,1.229524628,98.92949428,17.12029859,5.778491172,77.90261965,0.02327804,0.018228663,0.050297194,0.029513229,Ciudad de México,"San Francisco Tlalnepantla, Xochimilco","Zapotitla, San Francisco Tlalnepantla",2700,agro,"Cb(w2)(w), templado subhumedo",Andosol molico,Agricultura activa,Cultivo de Hortalizas,Cultivo de Hortalizas,Parcela de Armando Flores Rivera (CIIC 4),Edwin Sosa Cabrera,Equipo CORENADR,07/11/2023
NEF_AtlasMXB_B80_2025,B80,MXB80_S,19.265,-99.066,51.8,1.94,45330,6.94,11.88,9.102310734,661.875,204.6781689,82.602,0.0061597,82.5958403,6.365,1.45875,12.97656564,56.62097021,4.363324764,118.107803,3.118379563,37.8747361,95.4214372,0.114431145,0.074024194,0.119235507,0.011792523,Ciudad de México,"San Gregorio Atlapulco, Xochimilco","San sebastián, San Gregorio Atlapulco",2200,agro,"BS1kw(w), seco semiarido",Feozem gleyico,Agricultura activa,Cultivo de Verdolaga,Cultivo de Verdolaga,Parcela de Miguel Ángel Martínez Casillas (CIIC 4),Edwin Sosa Cabrera,Equipo CORENADR,07/11/2023
NEF_AtlasMXB_B81_2025,B81,MXB81_S,19.264,-99.042,53.2,1.9,45330,7.65,12.52,10.63748292,427.35,470.6145919,100.654,0.0093746,100.6446254,8.022,2.4395,12.54607646,41.25625144,3.288378766,80.77,3.029876278,26.65785418,183.4768802,0.070278763,0.031832475,0.064907138,0.137468842,Ciudad de México,"San Gregorio Atlapulco, Xochimilco","Tecatitla, San Gregorio Atlapulco",2200,agro,"BS1kw(w), seco semiarido",Feozem gleyico,Agricultura activa,Cultivo de Espinaca,Cultivo de Espinaca,Parcela de Crescencio Hernández Flores (CIIC 4),Edwin Sosa Cabrera,Equipo CORENADR,07/11/2023
NEF_AtlasMXB_B82_2025,B82,MXB82_S,19.237,-99.026,30.5,2.01,45330,6.29,3.75,5.305720123,33.03,33.50518129,15.38,0.0029608,15.3770392,2.095875,0.492125,7.336811213,31.24620615,4.258826518,213.218638,35.42875348,6.018237082,112.6109111,0.161949894,0.031911346,0.066708889,0.059877256,Ciudad de México,"Santiago Tulyehualco, Xochimilco","La virgen, Santiago Tulyehualco",2480,agro,"BS1kw(w), seco semiarido",Feozem haplico,Agricultura activa,Cultivo de maíz,Cultivo de maíz,Parcela de Ricardo Jiménez Aguilar,Edwin Sosa Cabrera,Equipo CORENADR,14/11/2023
NEF_AtlasMXB_B83_2025,B83,MXB83_S,19.176,-99.117,37.8,2.04,45330,5.67,6.06,6.727027455,9.93,12.36094826,14.989,0.001801,14.987199,1.50125,0.55375,9.983146711,27.06491919,2.711060948,342.4927822,35.76974057,9.574930564,125.4067561,0.106864663,0.040904754,0.046987186,0.101874873,Ciudad de México,"San Francisco Tlalnepantla, Xochimilco","Cuauhzonteco, San Francisco Tlalnepantla",2960,agro,"Cb(w2)(w), templado subhumedo",Feozem haplico,Agricultura activa,Cultivo de maíz,Cultivo de maíz,Parcela de Benito Toledo Contreras (CIIC 4),Edwin Sosa Cabrera,Equipo CORENADR,07/11/2023
NEF_AtlasMXB_B84_2025,B84,MXB84_S,19.255,-98.99,30.7,1.63,45331,7.48,11.63,5.859474273,333.675,374.3295044,82.645,3.146,79.499,6.664,1.6645,11.92962185,47.76148994,4.003604686,361.968753,33.57481322,10.78096103,140.9720379,0.037388375,0.006777284,0.075656475,0.091491552,Ciudad de México,"Santiago Tulyehualco, Tláhuac",Parcela 512 Tabla 2,2200,agro,"BS1kw(w), seco semiarido",Gleysol molico,Agricultura activa,Cultivo de lechuga,Cultivo de lechuga,Parcela de Jorge Enrique Villarruel Pérez (CIIC 4),Edwin Sosa Cabrera,Equipo CORENADR,14/11/2023
NEF_AtlasMXB_B85_2025,B85,MXB85_S,19.249,-98.954,30.3,1.96,45322,8.12,12.53,4.375928094,422.4,71.78622321,77.985,9.491,68.494,5.106375,1.022125,13.41342929,67.01137336,4.995841996,545.1931021,51.60003344,10.56575094,184.2575178,0.207844876,0.03039934,0.460796513,0.009286686,Estado de México,"Santiago Tulyehualco, Tláhuac","Tabla 9, Santiago Tulyehualco",2200,agro,"BS1kw(w), seco semiarido",Gleysol molico,Agricultura activa,Cultivo de maíz,Cultivo de maíz,Parcela de Margarita Martínez Rodríguez (CIIC 4),Edwin Sosa Cabrera,Equipo CORENADR,14/11/2023
NEF_AtlasMXB_B86_2025,B86,MXB86_S,19.312,-98.994,29.6,2.02,45331,6.81,3.23,3.914947023,35.89,41.65868374,16.695,0.0041136,16.6908864,1.899,0.286625,8.789303002,58.23248635,6.625381596,434.9866771,85.50073108,5.087519974,73.07071023,0.142188031,0.007140781,0.150622914,0.159861119,Ciudad de México,"Santa Catarina Yecahuizotl, Tláhuac",Santa Catarina,2360,agro,"BS1kw(w), seco semiarido",Feozem haplico,Agricultura activa,Cultivo de maíz,Cultivo de maíz,Parcela de Javier Chávez Castañeda (DCPS),Edwin Sosa Cabrera,Equipo CORENADR,09/11/2023
NEF_AtlasMXB_B87_2025,B87,MXB87_S,19.27,-99.019,29.4,1.92,45331,7.57,15.15,9.979338843,217.55,291.4752486,68.762,2.921,65.841,6.068,1.464125,10.85052736,44.96952104,4.144454879,128.4148376,31.02073142,4.139645706,128.8173142,0.01727904,0.037724956,0.087304621,0.168697992,Ciudad de México,"San Pedro Tláhuac, Tláhuac",Chinamperia San Pedro Tláhuac,2200,agro,"BS1kw(w), seco semiarido",Feozem haplico,Agricultura activa,Cultivo de lechuga,Cultivo de lechuga,Parcela de Victoria Martínez Martínez (DCPS),Edwin Sosa Cabrera,Equipo CORENADR,09/11/2023
NEF_AtlasMXB_B88_2025,B88,MXB88_S,19.248,-98.983,24.8,2.07,45331,7.51,12.33,6.951062925,148.85,167.8530673,78.405,2.244,76.161,6.030375,1.268375,12.62956284,60.04612201,4.75441017,389.9913989,14.14625287,27.56853015,135.7399116,0.02807241,0.008978065,0.085554011,0.00579272,Ciudad de México,"San Juan Ixtayopan, Tláhuac",Segundo Cuarto,2200,agro,"BS1kw(w), seco semiarido",Gleysol molico,Agricultura activa,Cultivo de maíz,Cultivo de maíz,Parcela de Guadalupe Jiménez Zamudio (DCPS),Edwin Sosa Cabrera,Equipo CORENADR,09/11/2023
NEF_AtlasMXB_B89_2025,B89,MXB89_S,28.081,-105.524,39.8,2.08,45331,7.5,1.15,3.378368263,22.975,2.777769461,26.05,NA,NA,2.2095,0.524375,11.78999774,49.67818832,4.213587604,557.7,41.4,13.5,72.82924098,0.118803089,0.007781318,0.15022914,0.161119479,Chihuahua,Delicias Chihuahua,"Huertas ""El Maguey""",1220,agro,Árido,Suelo-Franco Arenoso,Agricultura activa,Cultivo de Nogal pecanero,Cultivo nogalero con escasa covertura vegetal,Parcela de nogal con riego,Judith A. Sánchez Ledesma,Judith A. Sánchez Ledesma,23/10/2023
