"","new.ID","PermanentID"
"1","NEF_its2_1_2023","GF05031200S"
"2","NEF_its2_2_2023","GF05031199S"
"3","NEF_its2_3_2023","GF05031198S"
"4","NEF_its2_3_2023","GF05031197S"
"5","NEF_its2_4_2023","GF05031196S"
"6","NEF_its2_5_2023","GF05031195S"
"7","NEF_its2_5_2023","GF05031194S"
"8","NEF_its2_6_2023","GF05031193S"
"9","NEF_its2_7_2023","GF05031192S"
"10","NEF_its2_8_2023","GF05031191S"
"11","NEF_its2_8_2023","GF05031190S"
"12","NEF_its2_7_2023","GF05031189S"
"13","NEF_its2_2_2023","GF05031188S"
"14","NEF_its2_9_2023","GF05031187S"
"15","NEF_its2_10_2023","GF05031186S"
"16","NEF_its2_10_2023","GF05031185S"
"17","NEF_its2_11_2023","GF05031184S"
"18","NEF_its2_12_2023","GF05031183S"
"19","NEF_its2_13_2023","GF05031182S"
"20","NEF_its2_14_2023","GF05031181S"
"21","NEF_its2_15_2023","GF05031180S"
"22","NEF_its2_16_2023","GF05031179S"
"23","NEF_its2_17_2023","GF05031178S"
"24","NEF_its2_18_2023","GF05031177S"
"25","NEF_its2_17_2023","GF05031176S"
"26","NEF_its2_19_2023","GF05031175S"
"27","NEF_its2_20_2023","GF05031174S"
"28","NEF_its2_21_2023","GF05031173S"
"29","NEF_its2_20_2023","GF05031172S"
"30","NEF_its2_22_2023","GF05031171S"
"31","NEF_its2_23_2023","GF05031170S"
"32","NEF_its2_24_2023","GF05031169S"
"33","NEF_its2_25_2023","GF05031168S"
"34","NEF_its2_25_2023","GF05031167S"
"35","NEF_its2_26_2023","GF05031166S"
"36","NEF_its2_27_2023","GF05031165S"
"37","NEF_its2_28_2023","GF05031164S"
"38","NEF_its2_28_2023","GF05031163S"
"39","NEF_its2_27_2023","GF05031162S"
"40","NEF_its2_29_2023","GF05031161S"
"41","NEF_its2_30_2023","GF05031160S"
"42","NEF_its2_31_2023","GF05031159S"
"43","NEF_its2_32_2023","GF05031158S"
"44","NEF_its2_33_2023","GF05031157S"
"45","NEF_its2_26_2023","GF05031156S"
"46","NEF_its2_34_2023","GF05031155S"
"47","NEF_its2_35_2023","GF05031154S"
"48","NEF_its2_3_2023","GF05031153S"
"49","NEF_its2_36_2023","GF05031000S"
"50","NEF_its2_36_2023","GF05030997S"
"51","NEF_its2_36_2023","GF05030996S"
"52","NEF_its2_36_2023","GF05030986S"
"53","NEF_its2_36_2023","GF05030985S"
"54","NEF_its2_36_2023","GF05030982S"
"55","NEF_its2_36_2023","GF05030981S"
"56","NEF_its2_36_2023","GF05030979S"
"57","NEF_its2_36_2023","GF05030974S"
"58","NEF_its2_36_2023","GF05030973S"
"59","NEF_its2_36_2023","GF05030972S"
"60","NEF_its2_36_2023","GF05030969S"
"61","NEF_its2_36_2023","GF05030968S"
"62","NEF_its2_36_2023","GF05030967S"
"63","NEF_its2_36_2023","GF05030966S"
"64","NEF_its2_36_2023","GF05030965S"
"65","NEF_its2_36_2023","GF05030964S"
"66","NEF_its2_36_2023","GF05030960S"
"67","NEF_its2_36_2023","GF05030956S"
"68","NEF_its2_36_2023","GF05030954S"
"69","NEF_its2_36_2023","GF05030953S"
"70","NEF_its2_36_2023","GF05030950S"
"71","NEF_its2_36_2023","GF05030947S"
"72","NEF_its2_36_2023","GF05030946S"
"73","NEF_its2_36_2023","GF05030945S"
"74","NEF_its2_36_2023","GF05030944S"
"75","NEF_its2_36_2023","GF05030942S"
"76","NEF_its2_36_2023","GF05030938S"
"77","NEF_its2_36_2023","GF05030935S"
"78","NEF_its2_36_2023","GF05030934S"
"79","NEF_its2_36_2023","GF05030933S"
"80","NEF_its2_36_2023","GF05030931S"
"81","NEF_its2_36_2023","GF05030928S"
"82","NEF_its2_36_2023","GF05030925S"
"83","NEF_its2_36_2023","GF05030924S"
"84","NEF_its2_36_2023","GF05030923S"
<<<<<<< HEAD
"85","NEF_its2_37_2023","GF05030178S"
"86","NEF_its2_37_2023","GF05030177S"
"87","NEF_its2_37_2023","GF05030176S"
"88","NEF_its2_37_2023","GF05030175S"
"89","NEF_its2_37_2023","GF05030174S"
"90","NEF_its2_37_2023","GF05030173S"
"91","NEF_its2_38_2023","GF05030172S"
"92","NEF_its2_38_2023","GF05030171S"
"93","NEF_its2_38_2023","GF05030170S"
"94","NEF_its2_39_2023","GF05030169S"
"95","NEF_its2_39_2023","GF05030168S"
"96","NEF_its2_39_2023","GF05030167S"
"97","NEF_its2_40_2023","GF05030166S"
"98","NEF_its2_40_2023","GF05030165S"
"99","NEF_its2_40_2023","GF05030164S"
"100","NEF_its2_41_2023","GF05030163S"
"101","NEF_its2_41_2023","GF05030162S"
"102","NEF_its2_41_2023","GF05030161S"
"103","NEF_its2_42_2023","GF05030160S"
"104","NEF_its2_42_2023","GF05030159S"
"105","NEF_its2_42_2023","GF05030158S"
"106","NEF_its2_43_2023","GF05030157S"
"107","NEF_its2_43_2023","GF05030156S"
"108","NEF_its2_44_2023","GF05030155S"
"109","NEF_its2_44_2023","GF05030154S"
"110","NEF_its2_45_2023","GF05030153S"
"111","NEF_its2_45_2023","GF05030152S"
"112","NEF_its2_45_2023","GF05030151S"
"113","NEF_its2_46_2023","GF05030150S"
"114","NEF_its2_46_2023","GF05030149S"
"115","NEF_its2_46_2023","GF05030148S"
=======
>>>>>>> 2c90370ae1f40d56c5829a7d1008ab1507f70509
"142","NEF_its2_65_2022","GF05028214S"
"143","NEF_its2_65_2022","GF05028213S"
"144","NEF_its2_65_2022","GF05028212S"
"145","NEF_its2_65_2022","GF05028211S"
"146","NEF_its2_65_2022","GF05028210S"
"147","NEF_its2_65_2022","GF05028209S"
"148","NEF_its2_65_2022","GF05028208S"
"149","NEF_its2_65_2022","GF05028207S"
"150","NEF_its2_65_2022","GF05028206S"
"151","NEF_its2_65_2022","GF05028205S"
"152","NEF_its2_65_2022","GF05028204S"
"153","NEF_its2_65_2022","GF05028203S"
"154","NEF_its2_66_2022","GF05028202S"
"155","NEF_its2_66_2022","GF05028201S"
"156","NEF_its2_66_2022","GF05028200S"
"157","NEF_its2_66_2022","GF05028199S"
"158","NEF_its2_66_2022","GF05028198S"
"159","NEF_its2_66_2022","GF05028197S"
"160","NEF_its2_66_2022","GF05028196S"
"161","NEF_its2_66_2022","GF05028195S"
"162","NEF_its2_66_2022","GF05028194S"
"163","NEF_its2_66_2022","GF05028193S"
"164","NEF_its2_66_2022","GF05028192S"
"165","NEF_its2_66_2022","GF05028191S"
"166","NEF_its2_67_2022","GF05028190S"
"167","NEF_its2_67_2022","GF05028189S"
"168","NEF_its2_67_2022","GF05028188S"
"169","NEF_its2_67_2022","GF05028187S"
"170","NEF_its2_67_2022","GF05028186S"
"171","NEF_its2_67_2022","GF05028185S"
"172","NEF_its2_67_2022","GF05028184S"
"173","NEF_its2_67_2022","GF05028183S"
"174","NEF_its2_67_2022","GF05028182S"
"175","NEF_its2_67_2022","GF05028181S"
"176","NEF_its2_67_2022","GF05028180S"
"177","NEF_its2_67_2022","GF05028179S"
"178","NEF_its2_68_2022","GF05028178S"
"179","NEF_its2_68_2022","GF05028177S"
"180","NEF_its2_68_2022","GF05028176S"
"181","NEF_its2_68_2022","GF05028175S"
"182","NEF_its2_68_2022","GF05028174S"
"183","NEF_its2_68_2022","GF05028173S"
"184","NEF_its2_68_2022","GF05028172S"
"185","NEF_its2_68_2022","GF05028171S"
"186","NEF_its2_68_2022","GF05028170S"
"187","NEF_its2_68_2022","GF05028169S"
"188","NEF_its2_68_2022","GF05028168S"
"189","NEF_its2_68_2022","GF05028167S"
"190","NEF_its2_69_2022","GF05026793S"
"191","NEF_its2_70_2022","GF05026791S"
"192","NEF_its2_71_2022","GF05026789S"
"193","NEF_its2_72_2022","GF05026787S"
"194","NEF_its2_73_2022","GF05026785S"
"195","NEF_its2_74_2022","GF05026783S"
"196","NEF_its2_75_2022","GF05026781S"
"197","NEF_its2_76_2022","GF05026779S"
"198","NEF_its2_77_2022","GF05026777S"
"199","NEF_its2_78_2022","GF05026775S"
"200","NEF_its2_79_2022","GF05026773S"
"201","NEF_its2_80_2022","GF05026772S"
"202","NEF_its2_80_2022","GF05026771S"
"203","NEF_its2_81_2022","GF05026770S"
"204","NEF_its2_81_2022","GF05026769S"
"205","NEF_its2_82_2022","GF05026768S"
"206","NEF_its2_83_2022","GF05026767S"
"207","NEF_its2_83_2022","GF05026766S"
"208","NEF_its2_84_2022","GF05026765S"
"209","NEF_its2_84_2022","GF05026764S"
"210","NEF_its2_85_2022","GF05026763S"
"211","NEF_its2_86_2022","GF05026762S"
"212","NEF_its2_87_2022","GF05026761S"
"213","NEF_its2_88_2022","GF05026760S"
"214","NEF_its2_88_2022","GF05026759S"
"215","NEF_its2_89_2022","GF05026758S"
"216","NEF_its2_89_2022","GF05026757S"
"279","NEF_its2_107_2022","GF05016792S"
"280","NEF_its2_107_2022","GF05016791S"
"281","NEF_its2_107_2022","GF05016790S"
"282","NEF_its2_107_2022","GF05016789S"
"283","NEF_its2_107_2022","GF05016788S"
"284","NEF_its2_107_2022","GF05016787S"
"285","NEF_its2_107_2022","GF05016786S"
"286","NEF_its2_107_2022","GF05016785S"
"287","NEF_its2_107_2022","GF05016784S"
"288","NEF_its2_107_2022","GF05016783S"
"289","NEF_its2_107_2022","GF05016782S"
"290","NEF_its2_107_2022","GF05016781S"
"291","NEF_its2_107_2022","GF05016780S"
"292","NEF_its2_107_2022","GF05016779S"
"293","NEF_its2_107_2022","GF05016778S"
"294","NEF_its2_107_2022","GF05016777S"
"295","NEF_its2_107_2022","GF05016776S"
"296","NEF_its2_107_2022","GF05016775S"
"297","NEF_its2_107_2022","GF05016774S"
"298","NEF_its2_107_2022","GF05016773S"
"299","NEF_its2_107_2022","GF05016772S"
"300","NEF_its2_107_2022","GF05016771S"
"301","NEF_its2_107_2022","GF05016770S"
"302","NEF_its2_107_2022","GF05016769S"
"303","NEF_its2_107_2022","GF05016768S"
"304","NEF_its2_107_2022","GF05016767S"
"305","NEF_its2_107_2022","GF05016766S"
"306","NEF_its2_107_2022","GF05016765S"
"307","NEF_its2_107_2022","GF05016764S"
"308","NEF_its2_107_2022","GF05016763S"
"309","NEF_its2_107_2022","GF05016762S"
"310","NEF_its2_107_2022","GF05016761S"
"311","NEF_its2_107_2022","GF05016760S"
"312","NEF_its2_107_2022","GF05016759S"
"313","NEF_its2_107_2022","GF05016758S"
"314","NEF_its2_107_2022","GF05016757S"
"315","NEF_its2_108_2021","GF05016050S"
"421","NEF_its2_119_2022","GF05013247S"
"422","NEF_its2_120_2022","GF05013241S"
"423","NEF_its2_121_2022","GF05013235S"
<<<<<<< HEAD
"424","NEF_its2_122_2022","GF05013227S"
=======
>>>>>>> 2c90370ae1f40d56c5829a7d1008ab1507f70509
"425","NEF_its2_123_2022","GF05013224S"
"426","NEF_its2_124_2022","GF05013214S"
"427","NEF_its2_125_2022","GF05013205S"
"428","NEF_its2_126_2022","GF05013204S"
"429","NEF_its2_127_2022","GF05013199S"
<<<<<<< HEAD
"430","NEF_its2_128_2022","GF05013195S"
=======
>>>>>>> 2c90370ae1f40d56c5829a7d1008ab1507f70509
"431","NEF_its2_129_2022","GF05013187S"
"432","NEF_its2_130_2022","GF05013176S"
"433","NEF_its2_131_2022","GF05013171S"
"434","NEF_its2_132_2022","GF05013170S"
"435","NEF_its2_133_2022","GF05013169S"
"436","NEF_its2_134_2022","GF05013167S"
"437","NEF_its2_135_2022","GF05013165S"
"438","NEF_its2_136_2022","GF05013158S"
<<<<<<< HEAD
"439","NEF_its2_137_2022","GF05013155S"
=======
>>>>>>> 2c90370ae1f40d56c5829a7d1008ab1507f70509
"440","NEF_its2_138_2022","GF05013150S"
"441","NEF_its2_139_2022","GF05013149S"
"442","NEF_its2_140_2022","GF05013148S"
"443","NEF_its2_141_2022","GF05013135S"
"444","NEF_its2_142_2022","GF05013134S"
"445","NEF_its2_143_2022","GF05013132S"
"446","NEF_its2_144_2022","GF05013131S"
"447","NEF_its2_145_2022","GF05013130S"
"448","NEF_its2_146_2022","GF05013126S"
"449","NEF_its2_147_2022","GF05013125S"
"450","NEF_its2_148_2022","GF05013124S"
"451","NEF_its2_149_2022","GF05013123S"
"452","NEF_its2_150_2022","GF05013122S"
"453","NEF_its2_151_2022","GF05013121S"
"454","NEF_its2_152_2022","GF05013120S"
"455","NEF_its2_153_2022","GF05013113S"
"456","NEF_its2_154_2022","GF05013102S"
"457","NEF_its2_155_2022","GF05013092S"
"458","NEF_its2_156_2022","GF05013090S"
"459","NEF_its2_157_2022","GF05013083S"
"460","NEF_its2_151_2022","GF05013082S"
"461","NEF_its2_158_2022","GF05013081S"
"462","NEF_its2_159_2022","GF05013074S"
"463","NEF_its2_160_2022","GF05013068S"
"464","NEF_its2_161_2022","GF05013063S"
"465","NEF_its2_162_2022","GF05013060S"
"466","NEF_its2_163_2022","GF05013059S"
"467","NEF_its2_164_2022","GF05013054S"
<<<<<<< HEAD
"468","NEF_its2_165_2022","GF05013041S"
=======
>>>>>>> 2c90370ae1f40d56c5829a7d1008ab1507f70509
"469","NEF_its2_166_2022","GF05013040S"
"470","NEF_its2_167_2022","GF05013035S"
"471","NEF_its2_168_2022","GF05012993S"
"472","NEF_its2_169_2022","GF05012983S"
"473","NEF_its2_148_2022","GF05012978S"
"474","NEF_its2_170_2022","GF05012966S"
"475","NEF_its2_171_2022","GF05012963S"
"476","NEF_its2_172_2022","GF05012962S"
"477","NEF_its2_125_2022","GF05012955S"
"478","NEF_its2_173_2022","GF05012954S"
<<<<<<< HEAD
"479","NEF_its2_174_2022","GF05012937S"
"480","NEF_its2_175_2022","GF05012936S"
"481","NEF_its2_176_2022","GF05012931S"
"482","NEF_its2_177_2022","GF05012928S"
"483","NEF_its2_178_2022","GF05012924S"
"484","NEF_its2_179_2022","GF05012923S"
"485","NEF_its2_180_2022","GF05012922S"
"486","NEF_its2_181_2022","GF05012921S"
=======
"480","NEF_its2_175_2022","GF05012936S"
"481","NEF_its2_176_2022","GF05012931S"
"482","NEF_its2_177_2022","GF05012928S"
>>>>>>> 2c90370ae1f40d56c5829a7d1008ab1507f70509
"487","NEF_its2_182_2021","GF05011325S"
"488","NEF_its2_182_2021","GF05011322S"
"489","NEF_its2_182_2021","GF05011321S"
"490","NEF_its2_183_2020","GF05011154S"
"491","NEF_its2_183_2020","GF05011153S"
"492","NEF_its2_183_2020","GF05011152S"
"493","NEF_its2_183_2020","GF05011151S"
"494","NEF_its2_183_2020","GF05011150S"
"495","NEF_its2_183_2020","GF05011149S"
"496","NEF_its2_183_2020","GF05011148S"
"497","NEF_its2_183_2020","GF05011147S"
"498","NEF_its2_183_2020","GF05011146S"
"499","NEF_its2_183_2020","GF05011145S"
"500","NEF_its2_183_2020","GF05011144S"
"501","NEF_its2_183_2020","GF05011143S"
"502","NEF_its2_183_2020","GF05011142S"
"503","NEF_its2_183_2020","GF05011141S"
"504","NEF_its2_183_2020","GF05011140S"
"505","NEF_its2_183_2020","GF05011139S"
"506","NEF_its2_183_2020","GF05011138S"
"507","NEF_its2_183_2020","GF05011137S"
"508","NEF_its2_183_2020","GF05011136S"
"509","NEF_its2_183_2020","GF05011135S"
"510","NEF_its2_183_2020","GF05011134S"
"511","NEF_its2_184_2020","GF05011091S"
"512","NEF_its2_184_2020","GF05011090S"
"513","NEF_its2_184_2020","GF05011089S"
"514","NEF_its2_184_2020","GF05011088S"
"515","NEF_its2_184_2020","GF05011087S"
"516","NEF_its2_184_2020","GF05011086S"
"517","NEF_its2_184_2020","GF05011085S"
"518","NEF_its2_184_2020","GF05011084S"
"519","NEF_its2_184_2020","GF05011083S"
"520","NEF_its2_184_2020","GF05011082S"
"521","NEF_its2_184_2020","GF05011081S"
"522","NEF_its2_184_2020","GF05011080S"
"523","NEF_its2_184_2020","GF05011079S"
"524","NEF_its2_184_2020","GF05011078S"
"525","NEF_its2_184_2020","GF05011077S"
"526","NEF_its2_184_2020","GF05011076S"
"527","NEF_its2_184_2020","GF05011075S"
"528","NEF_its2_184_2020","GF05011074S"
"529","NEF_its2_184_2020","GF05011073S"
"530","NEF_its2_184_2020","GF05011072S"
"531","NEF_its2_184_2020","GF05011071S"
"532","NEF_its2_185_2021","GF05003613S"
"533","NEF_its2_186_2021","GF05003612S"
"534","NEF_its2_185_2021","GF05003611S"
"535","NEF_its2_185_2021","GF05003610S"
"536","NEF_its2_187_2021","GF05003609S"
"537","NEF_its2_188_2021","GF05003608S"
"538","NEF_its2_189_2021","GF05003607S"
"539","NEF_its2_188_2021","GF05003606S"
"540","NEF_its2_190_2021","GF05003605S"
"541","NEF_its2_190_2021","GF05003604S"
"542","NEF_its2_190_2021","GF05003603S"
"543","NEF_its2_190_2021","GF05003602S"
"544","NEF_its2_191_2021","GF05003601S"
"545","NEF_its2_191_2021","GF05003600S"
"546","NEF_its2_192_2021","GF05003599S"
"547","NEF_its2_193_2021","GF05003598S"
"548","NEF_its2_194_2021","GF05003597S"
"549","NEF_its2_191_2021","GF05003596S"
"550","NEF_its2_191_2021","GF05003595S"
"551","NEF_its2_192_2021","GF05003594S"
"552","NEF_its2_194_2021","GF05003593S"
"553","NEF_its2_193_2021","GF05003592S"
"554","NEF_its2_195_2021","GF05003591S"
"555","NEF_its2_195_2021","GF05003590S"
"556","NEF_its2_196_2021","GF05003589S"
"557","NEF_its2_196_2021","GF05003588S"
"558","NEF_its2_197_2021","GF05003587S"
"559","NEF_its2_197_2021","GF05003586S"
"560","NEF_its2_197_2021","GF05003585S"
"561","NEF_its2_197_2021","GF05003584S"
"562","NEF_its2_198_2021","GF05003583S"
"563","NEF_its2_198_2021","GF05003582S"
"564","NEF_its2_199_2021","GF05003581S"
"565","NEF_its2_199_2021","GF05003580S"
"566","NEF_its2_199_2021","GF05003579S"
"567","NEF_its2_198_2021","GF05003578S"
"568","NEF_its2_198_2021","GF05003577S"
"569","NEF_its2_199_2021","GF05003576S"
"570","NEF_its2_199_2021","GF05003575S"
"571","NEF_its2_199_2021","GF05003574S"
"572","NEF_its2_200_2021","GF05003573S"
"573","NEF_its2_200_2021","GF05003572S"
"574","NEF_its2_200_2021","GF05003571S"
"575","NEF_its2_200_2021","GF05003570S"
"576","NEF_its2_201_2021","GF05001737V"
"577","NEF_its2_202_2021","GF05001736V"
"578","NEF_its2_203_2021","GF05001735V"
"579","NEF_its2_204_2021","GF05001734V"
"580","NEF_its2_205_2021","GF05001733V"
"581","NEF_its2_206_2021","GF05001732V"
"582","NEF_its2_207_2021","GF05001731V"
"583","NEF_its2_208_2021","GF05001730V"
"584","NEF_its2_209_2021","GF05001716V"
"585","NEF_its2_210_2021","GF05001715V"
"586","NEF_its2_211_2021","GF05001714V"
"587","NEF_its2_212_2021","GF05001713V"
"588","NEF_its2_213_2021","GF05001712V"
"589","NEF_its2_214_2021","GF05001711V"
"590","NEF_its2_215_2021","GF05001710V"
"591","NEF_its2_216_2021","GF05001709V"
"592","NEF_its2_217_2021","GF05001708V"
"593","NEF_its2_218_2021","GF05001707V"
"594","NEF_its2_219_2021","GF05001706V"
"595","NEF_its2_220_2021","GF05001705V"
"596","NEF_its2_220_2021","GF05001704V"
"597","NEF_its2_221_2021","GF05001703V"
"598","NEF_its2_222_2021","GF05001548V"
"599","NEF_its2_223_2021","GF05001532V"
"600","NEF_its2_224_2021","GF05001531V"
"601","NEF_its2_225_2021","GF05001530V"
"602","NEF_its2_226_2021","GF05001529V"
<<<<<<< HEAD
"603","NEF_its2_227_2021","GF05001520V"
"604","NEF_its2_228_2021","GF05001519V"
"605","NEF_its2_229_2021","GF05001513V"
"606","NEF_its2_230_2021","GF05001512V"
"607","NEF_its2_231_2021","GF05001511V"
"608","NEF_its2_232_2021","GF05001510V"
=======
"605","NEF_its2_229_2021","GF05001513V"
"606","NEF_its2_230_2021","GF05001512V"
"607","NEF_its2_231_2021","GF05001511V"
>>>>>>> 2c90370ae1f40d56c5829a7d1008ab1507f70509
"609","NEF_its2_233_2021","GF05001509V"
"610","NEF_its2_234_2021","GF05001508V"
"611","NEF_its2_235_2021","GF05001507V"
"612","NEF_its2_236_2021","GF05001506V"
<<<<<<< HEAD
"613","NEF_its2_237_2021","GF05001505V"
=======
>>>>>>> 2c90370ae1f40d56c5829a7d1008ab1507f70509
"614","NEF_its2_238_2021","GF05001504V"
"615","NEF_its2_239_2021","GF05001440V"
"616","NEF_its2_240_2021","GF05001439V"
"617","NEF_its2_241_2021","GF05001438V"
"618","NEF_its2_242_2021","GF05001437V"
"620","NEF_its2_244_2021","GF05001427V"
"621","NEF_its2_245_2021","GF05001426V"
"622","NEF_its2_246_2021","GF05001425V"
"623","NEF_its2_247_2021","GF05001411V"
"624","NEF_its2_248_2021","GF05001410V"
"625","NEF_its2_249_2021","GF05001409V"
"626","NEF_its2_250_2021","GF05001408V"
"627","NEF_its2_251_2021","GF05001397V"
"628","NEF_its2_252_2021","GF05001396V"
"629","NEF_its2_253_2021","GF05001395V"
"630","NEF_its2_254_2021","GF05001394V"
"631","NEF_its2_255_2021","GF05001393V"
"632","NEF_its2_256_2021","GF05001392V"
"633","NEF_its2_245_2021","GF05001360V"
"634","NEF_its2_246_2021","GF05001359V"
"635","NEF_its2_257_2021","GF05001358V"
"636","NEF_its2_244_2021","GF05001357V"
<<<<<<< HEAD
"637","NEF_its2_258_2021","GF05001356V"
"638","NEF_its2_259_2021","GF05001335V"
=======
>>>>>>> 2c90370ae1f40d56c5829a7d1008ab1507f70509
"639","NEF_its2_260_2021","GF05001334V"
"640","NEF_its2_261_2021","GF05001333V"
"641","NEF_its2_262_2021","GF05001332V"
"642","NEF_its2_263_2021","GF05001331V"
<<<<<<< HEAD
"643","NEF_its2_264_2021","GF05001288V"
"644","NEF_its2_265_2021","GF05001287V"
"645","NEF_its2_266_2021","GF05001286V"
"646","NEF_its2_267_2021","GF05001285V"
"647","NEF_its2_268_2021","GF05001284V"
"648","NEF_its2_269_2021","GF05001283V"
"649","NEF_its2_270_2021","GF05001282V"
"650","NEF_its2_271_2021","GF05001281V"
"651","NEF_its2_272_2021","GF05001280V"
"652","NEF_its2_273_2021","GF05001279V"
"653","NEF_its2_274_2021","GF05001278V"
"654","NEF_its2_275_2021","GF05001277V"
"655","NEF_its2_276_2021","GF05001276V"
"656","NEF_its2_277_2021","GF05001275V"
"657","NEF_its2_278_2021","GF05001274V"
"658","NEF_its2_279_2021","GF05001273V"
"659","NEF_its2_280_2021","GF05001272V"
"660","NEF_its2_281_2021","GF05001252V"
=======
"657","NEF_its2_278_2021","GF05001274V"
"658","NEF_its2_279_2021","GF05001273V"
"659","NEF_its2_280_2021","GF05001272V"
>>>>>>> 2c90370ae1f40d56c5829a7d1008ab1507f70509
"661","NEF_its2_282_2021","GF05001194V"
"662","NEF_its2_283_2021","GF05001193V"
"663","NEF_its2_284_2021","GF05001192V"
"664","NEF_its2_285_2021","GF05001185V"
"665","NEF_its2_286_2021","GF05001184V"
"666","NEF_its2_287_2021","GF05001183V"
"667","NEF_its2_288_2021","GF05001182V"
"668","NEF_its2_289_2021","GF05001181V"
"669","NEF_its2_290_2021","GF05001180V"
"670","NEF_its2_291_2021","GF05001179V"
<<<<<<< HEAD
"671","NEF_its2_292_2021","GF05001081V"
=======
>>>>>>> 2c90370ae1f40d56c5829a7d1008ab1507f70509
"672","NEF_its2_293_2021","GF05001008V"
"673","NEF_its2_294_2021","GF05001007V"
"674","NEF_its2_295_2021","GF05001006V"
"675","NEF_its2_296_2021","GF05001005V"
"676","NEF_its2_297_2021","GF05001004V"
"677","NEF_its2_298_2021","GF05001003V"
"678","NEF_its2_299_2021","GF05000967V"
"679","NEF_its2_300_2021","GF05000965V"
"680","NEF_its2_301_2021","GF05000927V"
<<<<<<< HEAD
"681","NEF_its2_302_2021","GF05000862V"
"682","NEF_its2_302_2021","GF05000861V"
"683","NEF_its2_303_2021","GF05000829V"
"684","NEF_its2_304_2021","GF05000828V"
"685","NEF_its2_305_2021","GF05000827V"
"686","NEF_its2_306_2021","GF05000826V"
"687","NEF_its2_306_2021","GF05000825V"
"688","NEF_its2_307_2021","GF05000804V"
"689","NEF_its2_307_2021","GF05000803V"
"690","NEF_its2_308_2021","GF05000802V"
"691","NEF_its2_309_2021","GF05000801V"
"692","NEF_its2_308_2021","GF05000800V"
"693","NEF_its2_310_2021","GF05000799V"
"694","NEF_its2_311_2021","GF05000798V"
"695","NEF_its2_312_2021","GF05000797V"
"696","NEF_its2_313_2021","GF05000796V"
"697","NEF_its2_314_2021","GF05000795V"
"698","NEF_its2_315_2021","GF05000794V"
"699","NEF_its2_316_2021","GF05000793V"
"700","NEF_its2_317_2021","GF05000792V"
"701","NEF_its2_318_2021","GF05000791V"
"702","NEF_its2_319_2021","GF05000790V"
"703","NEF_its2_320_2021","GF05000789V"
"704","NEF_its2_321_2021","GF05000788V"
"705","NEF_its2_322_2021","GF05000787V"
"706","NEF_its2_322_2021","GF05000786V"
"707","NEF_its2_323_2021","GF05000785V"
"708","NEF_its2_324_2021","GF05000784V"
"709","NEF_its2_325_2021","GF05000783V"
"710","NEF_its2_326_2021","GF05000782V"
"711","NEF_its2_327_2021","GF05000781V"
"712","NEF_its2_328_2021","GF05000780V"
"713","NEF_its2_329_2021","GF05000779V"
=======
>>>>>>> 2c90370ae1f40d56c5829a7d1008ab1507f70509
"714","NEF_its2_330_2021","GF05000769V"
"715","NEF_its2_331_2021","GF05000768V"
"716","NEF_its2_332_2021","GF05000767V"
"717","NEF_its2_333_2021","GF05000766V"
"718","NEF_its2_334_2021","GF05000765V"
"719","NEF_its2_335_2021","GF05000764V"
"720","NEF_its2_336_2021","GF05000763V"
"721","NEF_its2_222_2021","GF05000759V"
"722","NEF_its2_222_2021","GF05000758V"
"723","NEF_its2_337_2021","GF05000757V"
"724","NEF_its2_222_2021","GF05000756V"
"725","NEF_its2_222_2021","GF05000755V"
"726","NEF_its2_338_2021","GF05000746V"
"727","NEF_its2_339_2021","GF05000710V"
"728","NEF_its2_340_2021","GF05000709V"
"729","NEF_its2_341_2021","GF05000708V"
"730","NEF_its2_342_2021","GF05000707V"
"731","NEF_its2_343_2021","GF05000706V"
"732","NEF_its2_344_2021","GF05000705V"
"733","NEF_its2_345_2021","GF05000704V"
"734","NEF_its2_346_2021","GF05000703V"
"735","NEF_its2_347_2021","GF05000702V"
"736","NEF_its2_348_2021","GF05000701V"
"737","NEF_its2_349_2021","GF05000700V"
"738","NEF_its2_350_2021","GF05000699V"
"739","NEF_its2_351_2021","GF05000698V"
"740","NEF_its2_352_2021","GF05000697V"
"741","NEF_its2_353_2021","GF05000696V"
"742","NEF_its2_354_2021","GF05000695V"
"743","NEF_its2_355_2021","GF05000694V"
"744","NEF_its2_356_2021","GF05000693V"
"745","NEF_its2_357_2021","GF05000692V"
"746","NEF_its2_358_2021","GF05000691V"
"747","NEF_its2_359_2021","GF05000690V"
"748","NEF_its2_360_2021","GF05000689V"
"749","NEF_its2_361_2021","GF05000688V"
"750","NEF_its2_362_2021","GF05000687V"
"751","NEF_its2_363_2021","GF05000686V"
"752","NEF_its2_364_2021","GF05000685V"
"753","NEF_its2_365_2021","GF05000684V"
"754","NEF_its2_366_2021","GF05000683V"
"755","NEF_its2_367_2021","GF05000682V"
"756","NEF_its2_368_2021","GF05000681V"
"757","NEF_its2_369_2021","GF05000680V"
"758","NEF_its2_353_2021","GF05000679V"
"759","NEF_its2_349_2021","GF05000678V"
"760","NEF_its2_370_2021","GF05000677V"
"761","NEF_its2_371_2021","GF05000676V"
"762","NEF_its2_372_2021","GF05000506V"
"763","NEF_its2_373_2021","GF05000505V"
"764","NEF_its2_374_2021","GF05000504V"
"765","NEF_its2_375_2021","GF05000503V"
"766","NEF_its2_376_2021","GF05000502V"
"767","NEF_its2_377_2021","GF05000501V"
"768","NEF_its2_378_2021","GF05000500V"
"769","NEF_its2_379_2021","GF05000499V"
"770","NEF_its2_380_2021","GF05000498V"
"771","NEF_its2_381_2021","GF05000497V"
"772","NEF_its2_382_2021","GF05000496V"
"773","NEF_its2_383_2021","GF05000495V"
"774","NEF_its2_384_2021","GF05000478V"
"775","NEF_its2_385_2021","GF05000477V"
"776","NEF_its2_386_2021","GF05000476V"
"777","NEF_its2_387_2021","GF05000475V"
"778","NEF_its2_388_2021","GF05000474V"
"779","NEF_its2_389_2021","GF05000473V"
"780","NEF_its2_390_2021","GF05000472V"
"781","NEF_its2_391_2021","GF05000471V"
"782","NEF_its2_392_2021","GF05000470V"
"783","NEF_its2_393_2021","GF05000469V"
"784","NEF_its2_394_2021","GF05000468V"
"785","NEF_its2_395_2021","GF05000467V"
"786","NEF_its2_396_2021","GF05000466V"
"787","NEF_its2_397_2021","GF05000465V"
"788","NEF_its2_398_2021","GF05000464V"
"789","NEF_its2_399_2021","GF05000463V"
"790","NEF_its2_400_2021","GF05000462V"
"791","NEF_its2_401_2021","GF05000461V"
"792","NEF_its2_402_2021","GF05000460V"
"793","NEF_its2_403_2021","GF05000459V"
"794","NEF_its2_404_2021","GF05000458V"
"795","NEF_its2_405_2021","GF05000457V"
"796","NEF_its2_406_2021","GF05000456V"
"797","NEF_its2_407_2021","GF05000455V"
"798","NEF_its2_408_2021","GF05000454V"
"799","NEF_its2_409_2021","GF05000453V"
"800","NEF_its2_410_2021","GF05000452V"
"801","NEF_its2_411_2021","GF05000451V"
"802","NEF_its2_412_2021","GF05000450V"
"803","NEF_its2_413_2021","GF05000449V"
"804","NEF_its2_414_2021","GF05000448V"
"805","NEF_its2_415_2021","GF05000447V"
"806","NEF_its2_416_2021","GF05000446V"
"807","NEF_its2_417_2021","GF05000445V"
"808","NEF_its2_418_2021","GF05000444V"
"809","NEF_its2_419_2021","GF05000443V"
"810","NEF_its2_420_2021","GF05000442V"
"811","NEF_its2_421_2021","GF05000441V"
"812","NEF_its2_422_2021","GF05000440V"
"813","NEF_its2_423_2021","GF05000439V"
"814","NEF_its2_424_2021","GF05000438V"
"815","NEF_its2_425_2021","GF05000437V"
"816","NEF_its2_426_2021","GF05000436V"
"817","NEF_its2_427_2021","GF05000435V"
"818","NEF_its2_428_2021","GF05000434V"
"819","NEF_its2_429_2021","GF05000433V"
"820","NEF_its2_430_2021","GF05000432V"
"821","NEF_its2_431_2021","GF05000431V"
"822","NEF_its2_432_2021","GF05000430V"
"823","NEF_its2_433_2021","GF05000429V"
"824","NEF_its2_434_2021","GF05000428V"
"825","NEF_its2_435_2021","GF05000427V"
"826","NEF_its2_436_2021","GF05000426V"
"827","NEF_its2_437_2021","GF05000418V"
"828","NEF_its2_438_2021","GF05000417V"
"829","NEF_its2_439_2021","GF05000416V"
"830","NEF_its2_440_2021","GF05000415V"
"831","NEF_its2_441_2021","GF05000414V"
"832","NEF_its2_442_2021","GF05000413V"
"833","NEF_its2_443_2021","GF05000412V"
"834","NEF_its2_444_2021","GF05000411V"
"835","NEF_its2_445_2021","GF05000410V"
"836","NEF_its2_446_2021","GF05000409V"
"837","NEF_its2_447_2021","GF05000408V"
"838","NEF_its2_448_2021","GF05000407V"
"839","NEF_its2_449_2021","GF05000406V"
"840","NEF_its2_450_2021","GF05000405V"
"841","NEF_its2_451_2021","GF05000404V"
"842","NEF_its2_452_2021","GF05000403V"
"843","NEF_its2_453_2021","GF05000402V"
<<<<<<< HEAD
"844","NEF_its2_454_2021","GF05000401V"
"845","NEF_its2_174_2021","GF05000400V"
"846","NEF_its2_455_2021","GF05000399V"
"847","NEF_its2_456_2021","GF05000398V"
"848","NEF_its2_457_2021","GF05000397V"
"849","NEF_its2_458_2021","GF05000396V"
"850","NEF_its2_459_2021","GF05000395V"
=======
>>>>>>> 2c90370ae1f40d56c5829a7d1008ab1507f70509
"851","NEF_its2_460_2021","GF05000307V"
"852","NEF_its2_461_2021","GF05000306V"
"853","NEF_its2_462_2021","GF05000305V"
"854","NEF_its2_463_2021","GF05000304V"
"855","NEF_its2_464_2021","GF05000303V"
"856","NEF_its2_465_2021","GF05000302V"
"857","NEF_its2_466_2021","GF05000301V"
"858","NEF_its2_467_2021","GF05000300V"
"859","NEF_its2_468_2021","GF05000299V"
"860","NEF_its2_469_2021","GF05000298V"
"861","NEF_its2_470_2021","GF05000297V"
"862","NEF_its2_471_2021","GF05000296V"
"863","NEF_its2_472_2021","GF05000295V"
"864","NEF_its2_473_2021","GF05000294V"
"865","NEF_its2_474_2021","GF05000293V"
"866","NEF_its2_475_2021","GF05000292V"
"867","NEF_its2_476_2021","GF05000291V"
"868","NEF_its2_477_2021","GF05000290V"
"869","NEF_its2_478_2021","GF05000289V"
"870","NEF_its2_479_2021","GF05000288V"
<<<<<<< HEAD
"871","NEF_its2_480_2021","GF05000268V"
"872","NEF_its2_481_2021","GF05000267V"
"873","NEF_its2_482_2021","GF05000266V"
"874","NEF_its2_483_2021","GF05000265V"
"875","NEF_its2_484_2021","GF05000264V"
=======
>>>>>>> 2c90370ae1f40d56c5829a7d1008ab1507f70509
"876","NEF_its2_485_2021","GF05000213V"
"877","NEF_its2_486_2021","GF05000212V"
"878","NEF_its2_487_2021","GF05000211V"
"879","NEF_its2_488_2021","GF05000210V"
"880","NEF_its2_489_2021","GF05000209V"
"881","NEF_its2_490_2021","GF05000208V"
"882","NEF_its2_491_2021","GF05000207V"
"883","NEF_its2_492_2021","GF05000206V"
"884","NEF_its2_493_2021","GF05000097V"
"885","NEF_its2_494_2021","GF05000096V"
"886","NEF_its2_495_2021","GF05000095V"
<<<<<<< HEAD
"887","NEF_its2_496_2021","GF05000094V"
"888","NEF_its2_497_2021","GF05000093V"
"889","NEF_its2_498_2021","GF05000092V"
=======
>>>>>>> 2c90370ae1f40d56c5829a7d1008ab1507f70509
"890","NEF_its2_499_2021","GF05000091V"
"891","NEF_its2_500_2021","GF05000090V"
"892","NEF_its2_500_2021","GF05000089V"
"893","NEF_its2_501_2021","GF05000088V"
"894","NEF_its2_500_2021","GF05000087V"
"895","NEF_its2_500_2021","GF05000086V"
"896","NEF_its2_502_2021","GF05000085V"
"897","NEF_its2_503_2021","GF05000084V"
"898","NEF_its2_504_2021","GF05000083V"
"899","NEF_its2_505_2021","GF05000082V"
"900","NEF_its2_506_2021","GF05000081V"
"901","NEF_its2_507_2021","GF05000080V"
"902","NEF_its2_508_2021","GF05000079V"
"903","NEF_its2_509_2021","GF05000078V"
"904","NEF_its2_510_2021","GF05000077V"
"905","NEF_its2_511_2021","GF05000076V"
"906","NEF_its2_511_2021","GF05000075V"
"907","NEF_its2_511_2021","GF05000074V"
"908","NEF_its2_512_2021","GF05000073V"
"909","NEF_its2_513_2021","GF05000072V"
"910","NEF_its2_514_2021","GF05000071V"
"911","NEF_its2_515_2021","GF05000070V"
"912","NEF_its2_515_2021","GF05000069V"
"913","NEF_its2_515_2021","GF05000068V"
"914","NEF_its2_516_2021","GF05000067V"
"915","NEF_its2_516_2021","GF05000066V"
"916","NEF_its2_517_2021","GF05000065V"
"917","NEF_its2_518_2021","GF05000064V"
"918","NEF_its2_519_2021","GF05000063V"
"919","NEF_its2_520_2021","GF05000062V"
"920","NEF_its2_521_2021","GF05000061V"
"921","NEF_its2_522_2021","GF05000060V"
"922","NEF_its2_523_2021","GF05000059V"
"923","NEF_its2_524_2021","GF05000058V"
"924","NEF_its2_524_2021","GF05000057V"
"925","NEF_its2_525_2021","GF05000056V"
"926","NEF_its2_526_2021","GF05000055V"
"927","NEF_its2_527_2021","GF05000054V"
"928","NEF_its2_528_2021","GF05000053V"
"929","NEF_its2_529_2021","GF05000052V"
"930","NEF_its2_530_2021","GF05000051V"
"931","NEF_its2_531_2021","GF05000050V"
"932","NEF_its2_532_2021","GF05000049V"
"933","NEF_its2_533_2021","GF05000048V"
"934","NEF_its2_534_2021","GF05000047V"
"935","NEF_its2_533_2021","GF05000046V"
"936","NEF_its2_535_2021","GF05000045V"
"937","NEF_its2_536_2021","GF05000044V"
"938","NEF_its2_537_2021","GF05000043V"
"939","NEF_its2_538_2021","GF05000042V"
"940","NEF_its2_539_2021","GF05000041V"
"941","NEF_its2_540_2021","GF05000040V"
"942","NEF_its2_541_2021","GF05000039V"
"943","NEF_its2_542_2021","GF05000038V"
"944","NEF_its2_542_2021","GF05000037V"
"945","NEF_its2_543_2021","GF05000036V"
"946","NEF_its2_544_2021","GF05000035V"
"947","NEF_its2_545_2021","GF05000034V"
"948","NEF_its2_545_2021","GF05000033V"
"949","NEF_its2_546_2021","GF05000032V"
"950","NEF_its2_547_2021","GF05000031V"
"951","NEF_its2_548_2021","GF05000030V"
"952","NEF_its2_546_2021","GF05000029V"
"953","NEF_its2_549_2021","GF05000028V"
"954","NEF_its2_550_2021","GF05000027V"
"955","NEF_its2_551_2021","GF05000026V"
"956","NEF_its2_552_2021","GF05000025V"
"958","NEF_its2_554_2021","GF05000024V"
"960","NEF_its2_556_2021","GF05000023V"
"962","NEF_its2_532_2021","GF05000022V"
"964","NEF_its2_533_2021","GF05000021V"
"966","NEF_its2_531_2021","GF05000020V"
"968","NEF_its2_533_2021","GF05000019V"
"970","NEF_its2_534_2021","GF05000018V"
"972","NEF_its2_534_2021","GF05000017V"
"974","NEF_its2_534_2021","GF05000016V"
"976","NEF_its2_534_2021","GF05000015V"
"978","NEF_its2_566_2021","GF05000014V"
"980","NEF_its2_546_2021","GF05000013V"
"982","NEF_its2_546_2021","GF05000012V"
"984","NEF_its2_570_2021","GF05000011V"
"986","NEF_its2_572_2021","GF05000010V"
"988","NEF_its2_574_2021","GF05000009V"
"990","NEF_its2_576_2021","GF05000008V"
"992","NEF_its2_530_2021","GF05000007V"
"994","NEF_its2_533_2021","GF05000006V"
"996","NEF_its2_533_2021","GF05000005V"
"998","NEF_its2_548_2021","GF05000004V"
"1000","NEF_its2_547_2021","GF05000003V"
"1002","NEF_its2_545_2021","GF05000002V"
"1004","NEF_its2_545_2021","GF05000001V"
"1314","NEF_its2_494_2020","GF04007429S"
"1315","NEF_its2_615_2020","GF04007428S"
"1316","NEF_its2_616_2020","GF04007427S"
"1317","NEF_its2_617_2020","GF04007426S"
"1318","NEF_its2_618_2020","GF04007425S"
"1319","NEF_its2_619_2020","GF04007424S"
"1320","NEF_its2_620_2020","GF04007423S"
"1321","NEF_its2_621_2020","GF04007422S"
"1322","NEF_its2_622_2020","GF04007421S"
"1323","NEF_its2_623_2020","GF04007420S"
"1324","NEF_its2_624_2020","GF04007419S"
"1325","NEF_its2_620_2020","GF04007418S"
"1326","NEF_its2_625_2020","GF04007417S"
"1327","NEF_its2_626_2020","GF04007416S"
"1328","NEF_its2_627_2020","GF04007415S"
"1329","NEF_its2_628_2020","GF04007414S"
"1330","NEF_its2_629_2020","GF04007413S"
"1331","NEF_its2_627_2020","GF04007412S"
"1332","NEF_its2_630_2020","GF04007411S"
"1333","NEF_its2_631_2020","GF04007410S"
"1334","NEF_its2_632_2020","GF04007409S"
"1335","NEF_its2_625_2020","GF04007408S"
"1336","NEF_its2_625_2020","GF04007407S"
"1337","NEF_its2_622_2020","GF04007406S"
"1338","NEF_its2_633_2020","GF04007405S"
"1339","NEF_its2_634_2020","GF04007404S"
"1340","NEF_its2_635_2020","GF04007403S"
"1341","NEF_its2_636_2020","GF04007402S"
"1342","NEF_its2_635_2020","GF04007401S"
"1343","NEF_its2_623_2020","GF04007400S"
"1344","NEF_its2_621_2020","GF04007399S"
"1345","NEF_its2_637_2020","GF04007398S"
"1346","NEF_its2_638_2020","GF04007397S"
"1347","NEF_its2_617_2020","GF04007396S"
"1348","NEF_its2_639_2020","GF04007395S"
"1349","NEF_its2_636_2020","GF04007394S"
"1350","NEF_its2_632_2020","GF04007393S"
"1351","NEF_its2_625_2020","GF04007392S"
"1352","NEF_its2_502_2020","GF04007391S"
"1353","NEF_its2_626_2020","GF04007390S"
"1354","NEF_its2_640_2020","GF04007389S"
"1355","NEF_its2_625_2020","GF04007388S"
"1356","NEF_its2_502_2020","GF04007387S"
"1357","NEF_its2_494_2020","GF04007386S"
"1358","NEF_its2_641_2020","GF04007385S"
"1359","NEF_its2_642_2020","GF04007384S"
"1360","NEF_its2_625_2020","GF04007383S"
"1361","NEF_its2_643_2020","GF04007382S"
"1362","NEF_its2_630_2020","GF04007381S"
"1363","NEF_its2_644_2020","GF04007380S"
"1364","NEF_its2_633_2020","GF04007379S"
"1365","NEF_its2_628_2020","GF04007378S"
"1366","NEF_its2_645_2020","GF04007377S"
"1367","NEF_its2_646_2020","GF04007376S"
"1368","NEF_its2_646_2020","GF04007375S"
"1369","NEF_its2_629_2020","GF04007374S"
"1370","NEF_its2_647_2020","GF04007373S"
"1371","NEF_its2_643_2020","GF04007372S"
"1372","NEF_its2_631_2020","GF04007371S"
"1373","NEF_its2_638_2020","GF04007370S"
"1374","NEF_its2_639_2020","GF04007369S"
"1375","NEF_its2_640_2020","GF04007368S"
"1376","NEF_its2_615_2020","GF04007367S"
"1377","NEF_its2_644_2020","GF04007366S"
"1378","NEF_its2_637_2020","GF04007365S"
"1379","NEF_its2_624_2020","GF04007364S"
"1380","NEF_its2_634_2020","GF04007363S"
"1381","NEF_its2_616_2020","GF04007362S"
"1382","NEF_its2_618_2020","GF04007361S"
"1383","NEF_its2_619_2020","GF04007360S"
"1384","NEF_its2_641_2020","GF04007359S"
"1385","NEF_its2_648_2020","GF04007358S"
"1386","NEF_its2_648_2020","GF04007357S"
"1387","NEF_its2_647_2020","GF04007356S"
"1388","NEF_its2_645_2020","GF04007355S"
"1389","NEF_its2_649_2020","GF04007354S"
"1390","NEF_its2_650_2021","GF04001294S"
"1391","NEF_its2_651_2021","GF04001293S"
"1392","NEF_its2_652_2021","GF04001292S"
"1402","NEF_its2_654_2019","GF03008839S"
"1403","NEF_its2_654_2019","GF03008836S"
"1404","NEF_its2_654_2019","GF03008833S"
"1405","NEF_its2_655_2019","GF03008832S"
"1406","NEF_its2_654_2019","GF03008831S"
"1416","NEF_its2_659_2019","GF03006842S"
"1417","NEF_its2_659_2019","GF03006841S"
"1418","NEF_its2_659_2019","GF03006840S"
"1419","NEF_its2_659_2019","GF03006839S"
"1420","NEF_its2_659_2019","GF03006838S"
"1421","NEF_its2_659_2019","GF03006837S"
"1422","NEF_its2_659_2019","GF03006836S"
"1423","NEF_its2_659_2019","GF03006835S"
"1424","NEF_its2_659_2019","GF03006834S"
"1425","NEF_its2_659_2019","GF03006833S"
"1426","NEF_its2_659_2019","GF03006832S"
"1427","NEF_its2_659_2019","GF03006831S"
"1428","NEF_its2_659_2019","GF03006830S"
"1429","NEF_its2_659_2019","GF03006829S"
"1430","NEF_its2_659_2019","GF03006828S"
"1431","NEF_its2_659_2019","GF03006827S"
"1432","NEF_its2_659_2019","GF03006826S"
"1433","NEF_its2_659_2019","GF03006825S"
"1434","NEF_its2_660_2019","GF03005834S"
"1435","NEF_its2_661_2019","GF03005833S"
"1436","NEF_its2_661_2019","GF03005832S"
"1437","NEF_its2_661_2019","GF03005831S"
"1438","NEF_its2_662_2019","GF03005830S"
"1439","NEF_its2_660_2019","GF03005829S"
"1440","NEF_its2_660_2019","GF03005828S"
"1441","NEF_its2_660_2019","GF03005827S"
"1442","NEF_its2_661_2019","GF03005826S"
"1443","NEF_its2_660_2019","GF03005825S"
"1444","NEF_its2_660_2019","GF03005824S"
"1445","NEF_its2_662_2019","GF03005823S"
"1446","NEF_its2_662_2019","GF03005822S"
"1447","NEF_its2_661_2019","GF03005821S"
"1448","NEF_its2_662_2019","GF03005820S"
"1449","NEF_its2_661_2019","GF03005819S"
"1450","NEF_its2_660_2019","GF03005818S"
"1451","NEF_its2_663_2019","GF03005817S"
"1452","NEF_its2_663_2019","GF03005816S"
"1453","NEF_its2_660_2019","GF03005815S"
"1454","NEF_its2_661_2019","GF03005814S"
"1455","NEF_its2_660_2019","GF03005813S"
"1456","NEF_its2_662_2019","GF03005812S"
"1457","NEF_its2_661_2019","GF03005811S"
"1458","NEF_its2_663_2019","GF03005810S"
"1459","NEF_its2_662_2019","GF03005809S"
"1460","NEF_its2_662_2019","GF03005808S"
"1461","NEF_its2_662_2019","GF03005807S"
"1462","NEF_its2_662_2019","GF03005806S"
"1463","NEF_its2_663_2019","GF03005805S"
"1464","NEF_its2_662_2019","GF03005804S"
"1465","NEF_its2_660_2019","GF03005803S"
"1466","NEF_its2_663_2019","GF03005802S"
"1467","NEF_its2_663_2019","GF03005801S"
"1468","NEF_its2_663_2019","GF03005800S"
"1469","NEF_its2_663_2019","GF03005799S"
"1470","NEF_its2_663_2019","GF03005798S"
"1471","NEF_its2_663_2019","GF03005797S"
"1472","NEF_its2_661_2019","GF03005796S"
"1473","NEF_its2_663_2019","GF03005795S"
"1474","NEF_its2_661_2019","GF03005794S"
"1475","NEF_its2_662_2019","GF03005793S"
"1476","NEF_its2_662_2019","GF03005792S"
"1477","NEF_its2_662_2019","GF03005791S"
"1478","NEF_its2_661_2019","GF03005790S"
"1479","NEF_its2_660_2019","GF03005789S"
"1480","NEF_its2_662_2019","GF03005788S"
"1481","NEF_its2_662_2019","GF03005787S"
"1482","NEF_its2_663_2019","GF03005786S"
"1483","NEF_its2_662_2019","GF03005785S"
"1484","NEF_its2_663_2019","GF03005784S"
"1485","NEF_its2_663_2019","GF03005783S"
"1486","NEF_its2_663_2019","GF03005782S"
"1487","NEF_its2_660_2019","GF03005781S"
"1488","NEF_its2_661_2019","GF03005780S"
"1489","NEF_its2_663_2019","GF03005779S"
"1490","NEF_its2_660_2019","GF03005778S"
"1491","NEF_its2_660_2019","GF03005777S"
"1492","NEF_its2_660_2019","GF03005776S"
"1493","NEF_its2_663_2019","GF03005775S"
"1494","NEF_its2_662_2019","GF03005774S"
"1495","NEF_its2_663_2019","GF03005773S"
"1496","NEF_its2_661_2019","GF03005772S"
"1497","NEF_its2_663_2019","GF03005771S"
"1498","NEF_its2_662_2019","GF03005770S"
"1499","NEF_its2_660_2019","GF03005769S"
"1500","NEF_its2_660_2019","GF03005768S"
"1501","NEF_its2_661_2019","GF03005767S"
"1502","NEF_its2_663_2019","GF03005766S"
"1503","NEF_its2_661_2019","GF03005765S"
"1504","NEF_its2_661_2019","GF03005764S"
"1505","NEF_its2_663_2019","GF03005763S"
"1506","NEF_its2_662_2019","GF03005762S"
"1507","NEF_its2_660_2019","GF03005761S"
"1508","NEF_its2_660_2019","GF03005760S"
"1509","NEF_its2_661_2019","GF03005759S"
"1510","NEF_its2_662_2019","GF03005758S"
"1511","NEF_its2_660_2019","GF03005757S"
"1512","NEF_its2_662_2019","GF03005756S"
"1513","NEF_its2_660_2019","GF03005755S"
"1514","NEF_its2_661_2019","GF03005754S"
"1515","NEF_its2_661_2019","GF03005753S"
"1516","NEF_its2_662_2019","GF03005752S"
<<<<<<< HEAD
"1532","NEF_its2_667_2019","GF02000534S"
"1533","NEF_its2_668_2019","GF02000530S"
"1534","NEF_its2_669_2019","GF02000528S"
"1535","NEF_its2_670_2019","GF02000526S"
"1536","NEF_its2_671_2019","GF02000522S"
"1537","NEF_its2_672_2019","GF02000516S"
"1538","NEF_its2_673_2019","GF02000496S"
"1539","NEF_its2_674_2019","GF02000484S"
"1540","NEF_its2_675_2019","GF02000472S"
"1541","NEF_its2_676_2019","GF02000464S"
"1542","NEF_its2_677_2019","GF02000463S"
"1543","NEF_its2_678_2019","GF02000454S"
"1544","NEF_its2_679_2019","GF02000448S"
"1545","NEF_its2_680_2019","GF02000422S"
"1546","NEF_its2_681_2019","GF02000419S"
"1547","NEF_its2_682_2019","GF02000411S"
"1548","NEF_its2_683_2019","GF02000036S"
"1549","NEF_its2_683_2019","GF02000035S"
"1550","NEF_its2_684_2019","GF02000034S"
"1551","NEF_its2_684_2019","GF02000033S"
"1552","NEF_its2_684_2019","GF02000032S"
"1553","NEF_its2_684_2019","GF02000031S"
"1554","NEF_its2_683_2019","GF02000030S"
"1555","NEF_its2_685_2019","GF02000029S"
"1556","NEF_its2_685_2019","GF02000028S"
"1557","NEF_its2_684_2019","GF02000027S"
"1558","NEF_its2_685_2019","GF02000026S"
"1559","NEF_its2_684_2019","GF02000025S"
"1560","NEF_its2_684_2019","GF02000024S"
"1561","NEF_its2_684_2019","GF02000023S"
"1562","NEF_its2_684_2019","GF02000022S"
"1563","NEF_its2_684_2019","GF02000021S"
"1564","NEF_its2_684_2019","GF02000020S"
"1565","NEF_its2_684_2019","GF02000019S"
"1566","NEF_its2_684_2019","GF02000018S"
"1567","NEF_its2_684_2019","GF02000017S"
"1568","NEF_its2_684_2019","GF02000016S"
"1569","NEF_its2_683_2019","GF02000015S"
"1570","NEF_its2_683_2019","GF02000014S"
"1571","NEF_its2_685_2019","GF02000013S"
"1572","NEF_its2_684_2019","GF02000012S"
"1573","NEF_its2_684_2019","GF02000011S"
"1574","NEF_its2_685_2019","GF02000010S"
"1575","NEF_its2_685_2019","GF02000009S"
"1576","NEF_its2_684_2019","GF02000008S"
"1577","NEF_its2_684_2019","GF02000007S"
"1578","NEF_its2_683_2019","GF02000006S"
"1579","NEF_its2_684_2019","GF02000005S"
"1580","NEF_its2_684_2019","GF02000004S"
"1581","NEF_its2_684_2019","GF02000003S"
"1582","NEF_its2_684_2019","GF02000002S"
"1583","NEF_its2_684_2019","GF02000001S"
=======
"1537","NEF_its2_672_2019","GF02000516S"
"1542","NEF_its2_677_2019","GF02000463S"
"1543","NEF_its2_678_2019","GF02000454S"
"1545","NEF_its2_680_2019","GF02000422S"
"1546","NEF_its2_681_2019","GF02000419S"
>>>>>>> 2c90370ae1f40d56c5829a7d1008ab1507f70509
"1584","NEF_its2_686_2017","GF01018360S"
"1585","NEF_its2_687_2017","GF01018359S"
"1586","NEF_its2_688_2017","GF01018358S"
"1587","NEF_its2_689_2017","GF01018357S"
"1588","NEF_its2_690_2017","GF01018356S"
"1589","NEF_its2_691_2017","GF01018355S"
"1590","NEF_its2_692_2017","GF01018354S"
"1591","NEF_its2_693_2017","GF01018353S"
"1592","NEF_its2_694_2017","GF01018352S"
"1593","NEF_its2_695_2017","GF01018351S"
"1594","NEF_its2_696_2017","GF01018350S"
"1595","NEF_its2_697_2017","GF01018349S"
"1596","NEF_its2_698_2017","GF01018348S"
"1597","NEF_its2_699_2017","GF01018347S"
"1598","NEF_its2_700_2017","GF01018346S"
"1599","NEF_its2_701_2017","GF01018345S"
"1600","NEF_its2_702_2017","GF01018344S"
"1601","NEF_its2_703_2017","GF01018343S"
"1602","NEF_its2_704_2017","GF01018342S"
"1603","NEF_its2_705_2017","GF01018341S"
"1604","NEF_its2_706_2017","GF01018340S"
"1605","NEF_its2_707_2017","GF01018339S"
"1606","NEF_its2_160_2017","GF01018338S"
"1607","NEF_its2_708_2017","GF01018337S"
"1608","NEF_its2_709_2016","GF01017000S"
"1609","NEF_its2_710_2016","GF01016999S"
"1610","NEF_its2_711_2016","GF01016998S"
"1611","NEF_its2_712_2016","GF01016997S"
"1612","NEF_its2_713_2016","GF01016996S"
"1613","NEF_its2_714_2016","GF01016995S"
"1614","NEF_its2_715_2016","GF01016994S"
"1615","NEF_its2_716_2016","GF01016993S"
"1616","NEF_its2_717_2016","GF01016992S"
"1617","NEF_its2_718_2016","GF01016991S"
"1618","NEF_its2_719_2016","GF01016990S"
"1619","NEF_its2_720_2016","GF01016989S"
"1620","NEF_its2_721_2016","GF01016988S"
"1621","NEF_its2_722_2016","GF01016987S"
"1622","NEF_its2_723_2016","GF01016986S"
"1623","NEF_its2_724_2016","GF01016985S"
"1624","NEF_its2_725_2016","GF01016984S"
"1625","NEF_its2_726_2016","GF01016983S"
"1626","NEF_its2_727_2016","GF01016982S"
"1627","NEF_its2_728_2016","GF01016981S"
"1628","NEF_its2_729_2016","GF01016980S"
"1740","NEF_its2_175_2014","GF01014841S"
"1741","NEF_its2_731_2014","GF01014840S"
<<<<<<< HEAD
"1742","NEF_its2_732_2014","GF01014831S"
"1743","NEF_its2_181_2014","GF01014813S"
"1744","NEF_its2_733_2014","GF01014810S"
"1745","NEF_its2_734_2014","GF01014808S"
"1746","NEF_its2_735_2014","GF01014807S"
"1747","NEF_its2_177_2014","GF01014796S"
"1748","NEF_its2_314_2014","GF01014792S"
"1749","NEF_its2_736_2014","GF01014789S"
"1750","NEF_its2_737_2014","GF01014788S"
"1751","NEF_its2_738_2014","GF01014787S"
=======
"1744","NEF_its2_733_2014","GF01014810S"
"1745","NEF_its2_734_2014","GF01014808S"
"1747","NEF_its2_177_2014","GF01014796S"
"1750","NEF_its2_737_2014","GF01014788S"
>>>>>>> 2c90370ae1f40d56c5829a7d1008ab1507f70509
"1752","NEF_its2_739_2014","GF01014786S"
"1753","NEF_its2_740_2014","GF01014779S"
"1754","NEF_its2_741_2014","GF01014774S"
"1755","NEF_its2_737_2014","GF01014771S"
<<<<<<< HEAD
"1756","NEF_its2_742_2014","GF01014765S"
"1757","NEF_its2_743_2014","GF01014764S"
"1758","NEF_its2_744_2014","GF01014751S"
=======
"1757","NEF_its2_743_2014","GF01014764S"
>>>>>>> 2c90370ae1f40d56c5829a7d1008ab1507f70509
"1759","NEF_its2_745_2014","GF01014746S"
"1760","NEF_its2_746_2014","GF01014745S"
"1761","NEF_its2_747_2014","GF01014732S"
"1762","NEF_its2_748_2014","GF01014731S"
"1763","NEF_its2_158_2014","GF01014730S"
<<<<<<< HEAD
"1764","NEF_its2_322_2014","GF01014727S"
"1765","NEF_its2_749_2014","GF01014722S"
"1766","NEF_its2_746_2014","GF01014714S"
"1767","NEF_its2_750_2014","GF01014706S"
"1768","NEF_its2_751_2014","GF01014703S"
"1769","NEF_its2_752_2014","GF01014696S"
"1770","NEF_its2_178_2014","GF01014695S"
"1771","NEF_its2_753_2014","GF01014680S"
"1772","NEF_its2_284_2014","GF01014676S"
"1773","NEF_its2_754_2014","GF01014665S"
"1774","NEF_its2_755_2014","GF01014664S"
"1775","NEF_its2_180_2014","GF01014641S"
"1776","NEF_its2_756_2014","GF01014640S"
"1777","NEF_its2_757_2014","GF01014636S"
"1778","NEF_its2_758_2014","GF01014627S"
"1779","NEF_its2_759_2014","GF01014621S"
"1780","NEF_its2_149_2014","GF01014619S"
"1781","NEF_its2_760_2014","GF01014604S"
=======
"1765","NEF_its2_749_2014","GF01014722S"
"1766","NEF_its2_746_2014","GF01014714S"
"1767","NEF_its2_750_2014","GF01014706S"
"1771","NEF_its2_753_2014","GF01014680S"
"1772","NEF_its2_284_2014","GF01014676S"
"1773","NEF_its2_754_2014","GF01014665S"
"1776","NEF_its2_756_2014","GF01014640S"
"1777","NEF_its2_757_2014","GF01014636S"
"1778","NEF_its2_758_2014","GF01014627S"
"1780","NEF_its2_149_2014","GF01014619S"
>>>>>>> 2c90370ae1f40d56c5829a7d1008ab1507f70509
"1782","NEF_its2_761_2014","GF01014603S"
"1783","NEF_its2_762_2014","GF01014602S"
"1784","NEF_its2_763_2014","GF01014596S"
"1785","NEF_its2_119_2014","GF01014588S"
"1786","NEF_its2_764_2014","GF01014587S"
"1787","NEF_its2_176_2014","GF01014585S"
<<<<<<< HEAD
"1788","NEF_its2_765_2014","GF01014582S"
"1789","NEF_its2_766_2014","GF01014581S"
"1790","NEF_its2_767_2014","GF01014577S"
"1791","NEF_its2_768_2014","GF01014575S"
"1792","NEF_its2_769_2014","GF01014572S"
=======
"1790","NEF_its2_767_2014","GF01014577S"
"1791","NEF_its2_768_2014","GF01014575S"
>>>>>>> 2c90370ae1f40d56c5829a7d1008ab1507f70509
"1793","NEF_its2_770_2014","GF01014569S"
"1794","NEF_its2_771_2014","GF01014568S"
"1795","NEF_its2_772_2014","GF01014558S"
"1796","NEF_its2_773_2014","GF01014557S"
"1797","NEF_its2_774_2014","GF01014556S"
<<<<<<< HEAD
"1798","NEF_its2_775_2014","GF01014554S"
"1799","NEF_its2_179_2014","GF01014552S"
"1800","NEF_its2_319_2014","GF01014547S"
"1801","NEF_its2_155_2014","GF01014545S"
"1802","NEF_its2_120_2014","GF01014541S"
"1803","NEF_its2_776_2014","GF01014539S"
"1804","NEF_its2_777_2014","GF01014528S"
"1805","NEF_its2_336_2014","GF01014522S"
"1806","NEF_its2_778_2014","GF01014516S"
"1807","NEF_its2_779_2014","GF01014506S"
"1808","NEF_its2_780_2014","GF01014497S"
"1809","NEF_its2_781_2014","GF01014489S"
"1810","NEF_its2_782_2014","GF01014488S"
=======
"1801","NEF_its2_155_2014","GF01014545S"
"1802","NEF_its2_120_2014","GF01014541S"
"1804","NEF_its2_777_2014","GF01014528S"
"1805","NEF_its2_336_2014","GF01014522S"
"1806","NEF_its2_778_2014","GF01014516S"
>>>>>>> 2c90370ae1f40d56c5829a7d1008ab1507f70509
"1811","NEF_its2_783_2014","GF01014485S"
"1863","NEF_its2_786_2017","GF01013586S"
"1864","NEF_its2_786_2017","GF01013577S"
"1865","NEF_its2_786_2017","GF01013573S"
"1866","NEF_its2_786_2017","GF01013566S"
"1867","NEF_its2_786_2017","GF01013564S"
"1868","NEF_its2_786_2017","GF01013561S"
"1869","NEF_its2_786_2017","GF01013552S"
"1870","NEF_its2_786_2017","GF01013551S"
"1871","NEF_its2_786_2017","GF01013547S"
"1872","NEF_its2_786_2017","GF01013545S"
"1873","NEF_its2_786_2017","GF01013544S"
"1874","NEF_its2_786_2017","GF01013543S"
"1875","NEF_its2_786_2017","GF01013541S"
"1876","NEF_its2_786_2017","GF01013537S"
"1877","NEF_its2_786_2017","GF01013534S"
"1878","NEF_its2_786_2017","GF01013531S"
"1879","NEF_its2_786_2017","GF01013527S"
"1880","NEF_its2_786_2017","GF01013523S"
"1881","NEF_its2_786_2017","GF01013521S"
"1882","NEF_its2_786_2017","GF01013519S"
"1883","NEF_its2_786_2017","GF01013514S"
"1884","NEF_its2_786_2017","GF01013513S"
"1885","NEF_its2_786_2017","GF01013512S"
"1886","NEF_its2_786_2017","GF01013511S"
"1887","NEF_its2_786_2017","GF01013508S"
"2009","NEF_its2_788_2013","GF01009647S"
"2010","NEF_its2_789_2013","GF01009646S"
"2011","NEF_its2_789_2013","GF01009644S"
"2012","NEF_its2_790_2013","GF01009643S"
"2013","NEF_its2_791_2013","GF01009642S"
"2014","NEF_its2_788_2013","GF01009640S"
"2015","NEF_its2_789_2013","GF01009639S"
"2016","NEF_its2_792_2013","GF01009638S"
"2017","NEF_its2_789_2013","GF01009636S"
"2018","NEF_its2_789_2013","GF01009635S"
"2019","NEF_its2_792_2013","GF01009634S"
"2020","NEF_its2_789_2013","GF01009633S"
"2021","NEF_its2_793_2013","GF01009632S"
"2022","NEF_its2_791_2013","GF01009631S"
"2023","NEF_its2_792_2013","GF01009630S"
"2024","NEF_its2_790_2013","GF01009629S"
"2025","NEF_its2_788_2013","GF01009628S"
"2026","NEF_its2_789_2013","GF01009627S"
"2027","NEF_its2_793_2013","GF01009626S"
"2028","NEF_its2_788_2013","GF01009625S"
"2029","NEF_its2_791_2013","GF01009624S"
"2030","NEF_its2_794_2013","GF01009623S"
"2031","NEF_its2_792_2013","GF01009622S"
"2032","NEF_its2_791_2013","GF01009621S"
"2033","NEF_its2_794_2013","GF01009620S"
"2034","NEF_its2_788_2013","GF01009619S"
"2035","NEF_its2_793_2013","GF01009618S"
"2036","NEF_its2_788_2013","GF01009617S"
"2037","NEF_its2_794_2013","GF01009616S"
"2038","NEF_its2_793_2013","GF01009615S"
"2039","NEF_its2_793_2013","GF01009614S"
"2040","NEF_its2_789_2013","GF01009613S"
"2041","NEF_its2_794_2013","GF01009612S"
"2042","NEF_its2_792_2013","GF01009611S"
"2043","NEF_its2_790_2013","GF01009610S"
"2044","NEF_its2_790_2013","GF01009609S"
"2045","NEF_its2_791_2013","GF01009608S"
"2046","NEF_its2_792_2013","GF01009607S"
"2047","NEF_its2_794_2013","GF01009606S"
"2048","NEF_its2_794_2013","GF01009605S"
"2049","NEF_its2_790_2013","GF01009604S"
"2050","NEF_its2_793_2013","GF01009603S"
"2051","NEF_its2_791_2013","GF01009602S"
"2052","NEF_its2_788_2013","GF01009601S"
"2053","NEF_its2_789_2013","GF01009600S"
"2054","NEF_its2_788_2013","GF01009599S"
"2055","NEF_its2_793_2013","GF01009598S"
"2056","NEF_its2_793_2013","GF01009597S"
"2057","NEF_its2_790_2013","GF01009596S"
"2058","NEF_its2_794_2013","GF01009595S"
"2059","NEF_its2_793_2013","GF01009594S"
"2060","NEF_its2_793_2013","GF01009593S"
"2061","NEF_its2_791_2013","GF01009592S"
"2062","NEF_its2_788_2013","GF01009591S"
"2063","NEF_its2_792_2013","GF01009590S"
"2064","NEF_its2_788_2013","GF01009589S"
<<<<<<< HEAD
"2065","NEF_its2_795_2017","GF01008023S"
"2066","NEF_its2_795_2017","GF01008022S"
"2067","NEF_its2_795_2017","GF01008021S"
"2068","NEF_its2_795_2017","GF01008020S"
"2069","NEF_its2_795_2017","GF01008019S"
"2070","NEF_its2_795_2017","GF01008018S"
"2071","NEF_its2_795_2017","GF01008017S"
"2072","NEF_its2_795_2017","GF01008016S"
"2073","NEF_its2_795_2017","GF01008015S"
"2074","NEF_its2_795_2017","GF01008014S"
"2075","NEF_its2_795_2017","GF01008013S"
"2076","NEF_its2_795_2017","GF01008012S"
"2077","NEF_its2_795_2017","GF01008011S"
"2078","NEF_its2_795_2017","GF01008010S"
"2079","NEF_its2_795_2017","GF01008009S"
"2080","NEF_its2_795_2017","GF01008008S"
"2081","NEF_its2_795_2017","GF01008007S"
"2082","NEF_its2_795_2017","GF01008006S"
=======
>>>>>>> 2c90370ae1f40d56c5829a7d1008ab1507f70509
"2083","NEF_its2_796_2017","GF01006197S"
"2084","NEF_its2_797_2017","GF01006196S"
"2085","NEF_its2_796_2017","GF01006195S"
"2086","NEF_its2_798_2017","GF01006194S"
"2087","NEF_its2_799_2017","GF01006193S"
"2088","NEF_its2_800_2017","GF01006192S"
"2089","NEF_its2_801_2017","GF01006191S"
"2090","NEF_its2_796_2017","GF01006190S"
"2091","NEF_its2_798_2017","GF01006189S"
"2092","NEF_its2_802_2017","GF01006188S"
"2093","NEF_its2_803_2017","GF01006187S"
"2094","NEF_its2_796_2017","GF01006186S"
"2095","NEF_its2_804_2017","GF01006185S"
"2096","NEF_its2_802_2017","GF01006184S"
"2097","NEF_its2_805_2017","GF01006183S"
"2098","NEF_its2_796_2017","GF01006182S"
"2099","NEF_its2_806_2017","GF01006181S"
"2100","NEF_its2_798_2017","GF01006180S"
"2101","NEF_its2_798_2017","GF01006179S"
"2102","NEF_its2_800_2017","GF01006178S"
"2103","NEF_its2_799_2017","GF01006177S"
"2104","NEF_its2_800_2017","GF01006176S"
"2105","NEF_its2_807_2017","GF01006175S"
"2106","NEF_its2_797_2017","GF01006174S"
"2107","NEF_its2_808_2017","GF01006173S"
"2108","NEF_its2_800_2017","GF01006172S"
"2109","NEF_its2_803_2017","GF01006171S"
"2110","NEF_its2_805_2017","GF01006170S"
"2111","NEF_its2_800_2017","GF01006169S"
"2112","NEF_its2_799_2017","GF01006168S"
"2113","NEF_its2_809_2017","GF01006167S"
"2114","NEF_its2_796_2017","GF01006166S"
"2115","NEF_its2_799_2017","GF01006165S"
"2116","NEF_its2_799_2017","GF01006164S"
"2117","NEF_its2_809_2017","GF01006163S"
"2118","NEF_its2_808_2017","GF01006162S"
"2119","NEF_its2_800_2017","GF01006161S"
"2120","NEF_its2_810_2017","GF01006160S"
"2121","NEF_its2_801_2017","GF01006159S"
"2122","NEF_its2_800_2017","GF01006158S"
"2123","NEF_its2_800_2017","GF01006157S"
"2124","NEF_its2_803_2017","GF01006156S"
"2125","NEF_its2_801_2017","GF01006155S"
"2126","NEF_its2_801_2017","GF01006154S"
"2127","NEF_its2_801_2017","GF01006153S"
"2128","NEF_its2_801_2017","GF01006152S"
"2129","NEF_its2_801_2017","GF01006151S"
"2130","NEF_its2_801_2017","GF01006150S"
"2131","NEF_its2_798_2017","GF01006149S"
"2132","NEF_its2_801_2017","GF01006148S"
"2133","NEF_its2_798_2017","GF01006147S"
"2134","NEF_its2_803_2017","GF01006146S"
"2135","NEF_its2_803_2017","GF01006145S"
"2136","NEF_its2_803_2017","GF01006144S"
"2137","NEF_its2_807_2017","GF01006143S"
"2138","NEF_its2_801_2017","GF01006142S"
"2139","NEF_its2_811_2017","GF01006141S"
"2140","NEF_its2_811_2017","GF01006140S"
"2141","NEF_its2_796_2017","GF01006139S"
"2142","NEF_its2_812_2017","GF01006138S"
"2143","NEF_its2_808_2017","GF01006137S"
"2144","NEF_its2_803_2017","GF01006136S"
"2145","NEF_its2_803_2017","GF01006135S"
"2146","NEF_its2_808_2017","GF01006134S"
"2147","NEF_its2_813_2017","GF01006133S"
"2148","NEF_its2_798_2017","GF01006132S"
"2149","NEF_its2_805_2017","GF01006131S"
"2150","NEF_its2_803_2017","GF01006130S"
"2151","NEF_its2_803_2017","GF01006129S"
"2152","NEF_its2_813_2017","GF01006128S"
"2153","NEF_its2_807_2017","GF01006127S"
"2154","NEF_its2_808_2017","GF01006126S"
"2155","NEF_its2_805_2017","GF01006125S"
"2156","NEF_its2_813_2017","GF01006124S"
"2157","NEF_its2_803_2017","GF01006123S"
"2158","NEF_its2_805_2017","GF01006122S"
"2159","NEF_its2_813_2017","GF01006121S"
"2160","NEF_its2_806_2017","GF01006120S"
"2161","NEF_its2_800_2017","GF01006119S"
"2162","NEF_its2_801_2017","GF01006118S"
"2163","NEF_its2_796_2017","GF01006117S"
"2164","NEF_its2_813_2017","GF01006116S"
"2165","NEF_its2_811_2017","GF01006115S"
"2166","NEF_its2_803_2017","GF01006114S"
"2167","NEF_its2_809_2017","GF01006113S"
"2168","NEF_its2_807_2017","GF01006112S"
"2169","NEF_its2_802_2017","GF01006111S"
"2170","NEF_its2_796_2017","GF01006110S"
"2171","NEF_its2_811_2017","GF01006109S"
"2172","NEF_its2_813_2017","GF01006108S"
"2173","NEF_its2_801_2017","GF01006107S"
"2174","NEF_its2_798_2017","GF01006106S"
"2175","NEF_its2_798_2017","GF01006105S"
"2176","NEF_its2_804_2017","GF01006104S"
"2177","NEF_its2_801_2017","GF01006103S"
"2178","NEF_its2_801_2017","GF01006102S"
"2179","NEF_its2_801_2017","GF01006101S"
"2180","NEF_its2_813_2017","GF01006100S"
"2181","NEF_its2_803_2017","GF01006099S"
"2182","NEF_its2_813_2017","GF01006098S"
"2183","NEF_its2_798_2017","GF01006097S"
"2184","NEF_its2_800_2017","GF01006096S"
"2185","NEF_its2_801_2017","GF01006095S"
"2186","NEF_its2_808_2017","GF01006094S"
"2187","NEF_its2_807_2017","GF01006093S"
"2188","NEF_its2_811_2017","GF01006092S"
"2189","NEF_its2_811_2017","GF01006091S"
"2190","NEF_its2_801_2017","GF01006090S"
"2191","NEF_its2_800_2017","GF01006089S"
"2192","NEF_its2_807_2017","GF01006088S"
"2193","NEF_its2_800_2017","GF01006087S"
"2194","NEF_its2_805_2017","GF01006086S"
"2195","NEF_its2_798_2017","GF01006085S"
"2196","NEF_its2_807_2017","GF01006084S"
"2197","NEF_its2_799_2017","GF01006083S"
"2198","NEF_its2_799_2017","GF01006082S"
"2199","NEF_its2_803_2017","GF01006081S"
"2200","NEF_its2_814_2017","GF01006080S"
"2201","NEF_its2_812_2017","GF01006079S"
"2202","NEF_its2_800_2017","GF01006078S"
"2203","NEF_its2_799_2017","GF01006077S"
"2204","NEF_its2_807_2017","GF01006076S"
"2205","NEF_its2_801_2017","GF01006075S"
"2206","NEF_its2_801_2017","GF01006074S"
"2207","NEF_its2_800_2017","GF01006073S"
"2208","NEF_its2_807_2017","GF01006072S"
"2209","NEF_its2_815_2017","GF01006071S"
"2210","NEF_its2_798_2017","GF01006070S"
"2211","NEF_its2_807_2017","GF01006069S"
"2212","NEF_its2_811_2017","GF01006068S"
"2213","NEF_its2_803_2017","GF01006067S"
"2214","NEF_its2_796_2017","GF01006066S"
"2215","NEF_its2_796_2017","GF01006065S"
"2216","NEF_its2_805_2017","GF01006064S"
"2217","NEF_its2_808_2017","GF01006063S"
"2218","NEF_its2_798_2017","GF01006062S"
"2219","NEF_its2_808_2017","GF01006061S"
"2220","NEF_its2_798_2017","GF01006060S"
"2221","NEF_its2_807_2017","GF01006059S"
"2222","NEF_its2_808_2017","GF01006058S"
<<<<<<< HEAD
"2269","NEF_its2_668_2015","GF01004870S"
"2270","NEF_its2_668_2015","GF01004869S"
"2271","NEF_its2_673_2015","GF01004865S"
"2272","NEF_its2_670_2015","GF01004864S"
"2273","NEF_its2_678_2015","GF01004853S"
"2274","NEF_its2_667_2015","GF01004842S"
"2275","NEF_its2_827_2015","GF01004831S"
"2276","NEF_its2_828_2015","GF01004830S"
"2277","NEF_its2_829_2015","GF01004828S"
"2278","NEF_its2_671_2015","GF01004819S"
"2279","NEF_its2_674_2015","GF01004807S"
"2280","NEF_its2_678_2015","GF01004805S"
"2281","NEF_its2_677_2015","GF01004802S"
"2282","NEF_its2_682_2015","GF01004801S"
"2283","NEF_its2_828_2015","GF01004796S"
"2284","NEF_its2_679_2015","GF01004790S"
"2285","NEF_its2_669_2015","GF01004786S"
"2286","NEF_its2_674_2015","GF01004783S"
"2287","NEF_its2_672_2015","GF01004780S"
"2288","NEF_its2_830_2015","GF01004778S"
"2289","NEF_its2_673_2015","GF01004777S"
"2290","NEF_its2_831_2015","GF01004776S"
"2291","NEF_its2_676_2015","GF01004763S"
"2292","NEF_its2_672_2015","GF01004760S"
"2293","NEF_its2_831_2015","GF01004757S"
"2294","NEF_its2_682_2015","GF01004753S"
"2295","NEF_its2_827_2015","GF01004751S"
"2296","NEF_its2_670_2015","GF01004743S"
"2297","NEF_its2_679_2015","GF01004730S"
"2298","NEF_its2_677_2015","GF01004726S"
"2299","NEF_its2_676_2015","GF01004722S"
"2300","NEF_its2_829_2015","GF01004720S"
"2301","NEF_its2_671_2015","GF01004719S"
"2302","NEF_its2_830_2015","GF01004718S"
"2303","NEF_its2_667_2015","GF01004716S"
=======
"2273","NEF_its2_678_2015","GF01004853S"
"2275","NEF_its2_827_2015","GF01004831S"
"2280","NEF_its2_678_2015","GF01004805S"
"2281","NEF_its2_677_2015","GF01004802S"
"2287","NEF_its2_672_2015","GF01004780S"
"2288","NEF_its2_830_2015","GF01004778S"
"2292","NEF_its2_672_2015","GF01004760S"
"2295","NEF_its2_827_2015","GF01004751S"
"2298","NEF_its2_677_2015","GF01004726S"
"2302","NEF_its2_830_2015","GF01004718S"
>>>>>>> 2c90370ae1f40d56c5829a7d1008ab1507f70509
"2360","NEF_its2_841_2016","GF01000691S"
"2361","NEF_its2_842_2016","GF01000690S"
"2362","NEF_its2_843_2016","GF01000689S"
"2363","NEF_its2_844_2016","GF01000688S"
"2364","NEF_its2_845_2016","GF01000687S"
"2365","NEF_its2_846_2016","GF01000686S"
"2366","NEF_its2_847_2016","GF01000685S"
"2367","NEF_its2_848_2016","GF01000684S"
"2368","NEF_its2_849_2016","GF01000683S"
"2369","NEF_its2_850_2016","GF01000682S"
"2370","NEF_its2_851_2016","GF01000681S"
"2371","NEF_its2_852_2016","GF01000680S"
"2372","NEF_its2_853_2016","GF01000679S"
"2373","NEF_its2_854_2016","GF01000678S"
"2374","NEF_its2_855_2016","GF01000677S"
"2375","NEF_its2_856_2016","GF01000676S"
"2376","NEF_its2_857_2016","GF01000675S"
"2377","NEF_its2_858_2016","GF01000674S"
"2378","NEF_its2_859_2016","GF01000673S"
"2379","NEF_its2_860_2016","GF01000672S"
"2380","NEF_its2_861_2016","GF01000671S"
