x,to_keep,nota
new.ID,y,
dataset,n,
Database_ID,n,
PermanentID,y,
grouped_samples,n,
add_date,n,
paper_id,n,
paper_to_keep,n,
title,n,
year,n,
authors,n,
journal,n,
doi,n,
contact,n,
sample_name,n,
sample_type,y,
manipulated,n,
sample_description,n,
latitude,y,
longitude,y,
continent,n,
year_of_sampling,y,
Biome,y,tipo vegetaci?
sequencing_platform,y,
target_gene,y,
primers,n,
primers_sequence,n,
sample_seqid,n,
sample_barcode,n,
globfungi_elevation,n,
MAT,y,
MAP,y,
MAT_study,y,
MAP_study,y,
Biome_detail,y,
country,y,
month_of_sampling,n,
day_of_sampling,n,
plants_dominant,n,
plants_all,n,
area_sampled,n,
number_of_subsamples,n,
sampling_info,n,
sample_depth,n,
extraction_DNA_mass,n,
extraction_DNA_size,n,
extraction_DNA_method,n,
total_C_content,n,
total_N_content,n,
organic_matter_content,n,
pH,n,
pH_method,n,
total_Ca,n,
total_P,n,
total_K,n,
sample_info,n,
location,n,
area_GPS,n,
ITS1_extracted,n,
ITS2_extracted,n,
ITS_total,n,
pH_0cm_depth,n,
SOC_0cm_depth..,n,
globfungi_elev...GPS.visualizer,n,
morrone_biogeoregions_IDProv,y,descargado de mapa morrone
morrone_biogeoregions_IDSubreg,y,descargado de mapa morrone
morrone_biogeoregions_Region,y,descargado de mapa morrone
morrone_biogeoregions_Subregion,y,descargado de mapa morrone
morrone_biogeoregions_IDProvince,y,descargado de mapa morrone
morrone_biogeoregions_IDDominio,y,descargado de mapa morrone
morrone_biogeoregions_Provincias,y,descargado de mapa morrone
morrone_biogeoregions_Area_km,y,descargado de mapa morrone
morrone_biogeoregions_Dominio,y,descargado de mapa morrone
morrone_biogeoregions_Perimetro,y,descargado de mapa morrone
morrone_biogeoregions_SubDominio,y,descargado de mapa morrone
wwf_ecoregions_OBJECTID,y,descargado de mapa wwf
wwf_ecoregions_AREA,y,descargado de mapa wwf
wwf_ecoregions_PERIMETER,y,descargado de mapa wwf
wwf_ecoregions_ECO_NAME,y,descargado de mapa wwf
wwf_ecoregions_REALM,y,descargado de mapa wwf
wwf_ecoregions_BIOME,y,descargado de mapa wwf
wwf_ecoregions_ECO_NUM,y,descargado de mapa wwf
wwf_ecoregions_ECO_ID,y,descargado de mapa wwf
wwf_ecoregions_ECO_SYM,y,descargado de mapa wwf
wwf_ecoregions_GBL_STAT,y,descargado de mapa wwf
wwf_ecoregions_G200_REGIO,y,descargado de mapa wwf
wwf_ecoregions_G200_NUM,y,descargado de mapa wwf
wwf_ecoregions_G200_BIOME,y,descargado de mapa wwf
wwf_ecoregions_G200_STAT,y,descargado de mapa wwf
wwf_ecoregions_Shape_Leng,y,descargado de mapa wwf
wwf_ecoregions_Shape_Area,y,descargado de mapa wwf
wwf_ecoregions_area_km2,y,descargado de mapa wwf
wwf_ecoregions_eco_code,y,descargado de mapa wwf
wwf_ecoregions_PER_area,y,descargado de mapa wwf
wwf_ecoregions_PER_area_1,y,descargado de mapa wwf
wwf_ecoregions_PER_area_2,y,descargado de mapa wwf
elevatr_elevation_4.5km2,n,viene de uma origen distinta de los otros datos de clima - Melanies reviso el script 01_get_resources.R --- menos resolution!!!! Mejor la variable de climenv
climenv_annavg_tavg_m,y,descargado de worldclim
climenv_annavg_abmt,y,descargado de worldclim
climenv_annavg_tmin_m,y,descargado de worldclim
climenv_annavg_tmax_m,y,descargado de worldclim
climenv_annavg_prec_m,y,descargado de worldclim
climenv_elev,y,descargado de worldclim/ climenv - paquete em github ---- better than the other data of elevation
climenv_lat,n,descargado de worldclim/ climenv - paquete em github
climenv_monthavg_tavg_m_Jan,y,descargado de worldclim/ climenv - paquete em github
climenv_monthavg_tavg_m_Feb,y,descargado de worldclim/ climenv - paquete em github
climenv_monthavg_tavg_m_Mar,y,descargado de worldclim/ climenv - paquete em github
climenv_monthavg_tavg_m_Apr,y,descargado de worldclim/ climenv - paquete em github
climenv_monthavg_tavg_m_May,y,descargado de worldclim/ climenv - paquete em github
climenv_monthavg_tavg_m_Jun,y,descargado de worldclim/ climenv - paquete em github
climenv_monthavg_tavg_m_Jul,y,descargado de worldclim/ climenv - paquete em github
climenv_monthavg_tavg_m_Aug,y,descargado de worldclim/ climenv - paquete em github
climenv_monthavg_tavg_m_Sep,y,descargado de worldclim/ climenv - paquete em github
climenv_monthavg_tavg_m_Oct,y,descargado de worldclim/ climenv - paquete em github
climenv_monthavg_tavg_m_Nov,y,descargado de worldclim/ climenv - paquete em github
climenv_monthavg_tavg_m_Dec,y,descargado de worldclim/ climenv - paquete em github
climenv_monthavg_abmt_Jan,y,descargado de worldclim/ climenv - paquete em github
climenv_monthavg_abmt_Feb,y,descargado de worldclim/ climenv - paquete em github
climenv_monthavg_abmt_Mar,y,descargado de worldclim/ climenv - paquete em github
climenv_monthavg_abmt_Apr,y,descargado de worldclim/ climenv - paquete em github
climenv_monthavg_abmt_May,y,descargado de worldclim/ climenv - paquete em github
climenv_monthavg_abmt_Jun,y,descargado de worldclim/ climenv - paquete em github
climenv_monthavg_abmt_Jul,y,descargado de worldclim/ climenv - paquete em github
climenv_monthavg_abmt_Aug,y,descargado de worldclim/ climenv - paquete em github
climenv_monthavg_abmt_Sep,y,descargado de worldclim/ climenv - paquete em github
climenv_monthavg_abmt_Oct,y,descargado de worldclim/ climenv - paquete em github
climenv_monthavg_abmt_Nov,y,descargado de worldclim/ climenv - paquete em github
climenv_monthavg_abmt_Dec,y,descargado de worldclim/ climenv - paquete em github
climenv_monthavg_tmin_m_Jan,y,descargado de worldclim/ climenv - paquete em github
climenv_monthavg_tmin_m_Feb,y,descargado de worldclim/ climenv - paquete em github
climenv_monthavg_tmin_m_Mar,y,descargado de worldclim/ climenv - paquete em github
climenv_monthavg_tmin_m_Apr,y,descargado de worldclim/ climenv - paquete em github
climenv_monthavg_tmin_m_May,y,descargado de worldclim/ climenv - paquete em github
climenv_monthavg_tmin_m_Jun,y,descargado de worldclim/ climenv - paquete em github
climenv_monthavg_tmin_m_Jul,y,descargado de worldclim/ climenv - paquete em github
climenv_monthavg_tmin_m_Aug,y,descargado de worldclim/ climenv - paquete em github
climenv_monthavg_tmin_m_Sep,y,descargado de worldclim/ climenv - paquete em github
climenv_monthavg_tmin_m_Oct,y,descargado de worldclim/ climenv - paquete em github
climenv_monthavg_tmin_m_Nov,y,descargado de worldclim/ climenv - paquete em github
climenv_monthavg_tmin_m_Dec,y,descargado de worldclim/ climenv - paquete em github
climenv_monthavg_tmax_m_Jan,y,descargado de worldclim/ climenv - paquete em github
climenv_monthavg_tmax_m_Feb,y,descargado de worldclim/ climenv - paquete em github
climenv_monthavg_tmax_m_Mar,y,descargado de worldclim/ climenv - paquete em github
climenv_monthavg_tmax_m_Apr,y,descargado de worldclim/ climenv - paquete em github
climenv_monthavg_tmax_m_May,y,descargado de worldclim/ climenv - paquete em github
climenv_monthavg_tmax_m_Jun,y,descargado de worldclim/ climenv - paquete em github
climenv_monthavg_tmax_m_Jul,y,descargado de worldclim/ climenv - paquete em github
climenv_monthavg_tmax_m_Aug,y,descargado de worldclim/ climenv - paquete em github
climenv_monthavg_tmax_m_Sep,y,descargado de worldclim/ climenv - paquete em github
climenv_monthavg_tmax_m_Oct,y,descargado de worldclim/ climenv - paquete em github
climenv_monthavg_tmax_m_Nov,y,descargado de worldclim/ climenv - paquete em github
climenv_monthavg_tmax_m_Dec,y,descargado de worldclim/ climenv - paquete em github
climenv_monthavg_prec_m_Jan,y,descargado de worldclim/ climenv - paquete em github
climenv_monthavg_prec_m_Feb,y,descargado de worldclim/ climenv - paquete em github
climenv_monthavg_prec_m_Mar,y,descargado de worldclim/ climenv - paquete em github
climenv_monthavg_prec_m_Apr,y,descargado de worldclim/ climenv - paquete em github
climenv_monthavg_prec_m_May,y,descargado de worldclim/ climenv - paquete em github
climenv_monthavg_prec_m_Jun,y,descargado de worldclim/ climenv - paquete em github
climenv_monthavg_prec_m_Jul,y,descargado de worldclim/ climenv - paquete em github
climenv_monthavg_prec_m_Aug,y,descargado de worldclim/ climenv - paquete em github
climenv_monthavg_prec_m_Sep,y,descargado de worldclim/ climenv - paquete em github
climenv_monthavg_prec_m_Oct,y,descargado de worldclim/ climenv - paquete em github
climenv_monthavg_prec_m_Nov,y,descargado de worldclim/ climenv - paquete em github
climenv_monthavg_prec_m_Dec,y,descargado de worldclim/ climenv - paquete em github
climenv_abt,y,descargado de worldclim/ climenv - paquete em github
climenv_tap,y,descargado de worldclim/ climenv - paquete em github
climenv_per,y,descargado de worldclim/ climenv - paquete em github
climenv_holdridge_class,y,descargado de worldclim/ climenv - paquete em github
nitogen,n,descargado de soilgrid/ falta agrgar
sand,n,descargado de soilgrid/ falta agrgar
cec,n,descargado de soilgrid/ falta agrgar
soc,n,descargado de soilgrid/ falta agrgar
phh2o,n,descargado de soilgrid/ falta agrgar
silt,n,descargado de soilgrid/ falta agrgar
