"","new.ID","Latitude","Longitude","groups","nitrogen","sand","cec","soc","phh2o","silt"
"1","NEF_AtlasMXA_G5134_2025",20.86,-90.14,1,562,384,331,854,79,341
"2","NEF_AtlasMXA_G5135_2025",19.77,-90.55,2,301,354,289,458,74,219
"3","NEF_AtlasMXA_G5136_2025",19.08,-91.06,2,0,0,0,0,0,0
"4","NEF_AtlasMXA_G5137_2025",20.68,-88.57,3,775,371,316,544,72,230
"5","NEF_AtlasMXA_G5138_2025",20.75,-88.47,3,898,371,297,619,74,210
"6","NEF_AtlasMXA_G5139_2025",20.26,-87.39,4,0,0,0,0,0,0
"7","NEF_AtlasMXA_MX10_2025",19.67,-100.29,5,499,496,229,825,57,296
"8","NEF_AtlasMXA_MX11_2025",19.68,-96.85,6,489,493,271,640,58,353
"9","NEF_AtlasMXA_MX12_2025",18.58,-95.08,7,412,450,170,474,54,276
"10","NEF_AtlasMXA_MX13_2025",17.62,-92.47,8,529,499,196,535,57,266
"11","NEF_AtlasMXA_MX14_2025",16.88,-93.46,9,398,406,193,429,58,257
"12","NEF_AtlasMXA_MX15_2025",15.8,-96.11,10,213,680,217,287,64,197
"13","NEF_AtlasMXA_MX16_2025",17.34,-96.47,11,385,431,219,696,51,285
"14","NEF_AtlasMXA_MX17_2025",18.16,-97.3,11,212,484,191,355,72,301
"15","NEF_AtlasMXA_MX18_2025",20.16,-98.55,12,340,443,254,337,64,256
"16","NEF_AtlasMXA_MX19_2025",20.64,-98.6,12,511,424,282,552,58,297
"17","NEF_AtlasMXA_MX1a_2025",19.51,-105.05,13,269,551,242,215,66,241
"18","NEF_AtlasMXA_MX20_2025",20.48,-98.67,12,370,419,257,349,69,228
"19","NEF_AtlasMXA_MX21_2025",17.39,-96.45,11,503,431,209,750,48,315
"20","NEF_AtlasMXA_MX22_2025",17.39,-96.46,11,471,441,222,849,51,317
"21","NEF_AtlasMXA_MX23_2025",19.13,-98.66,14,409,475,207,637,62,330
"22","NEF_AtlasMXA_MX24_2025",15.91,-97.08,10,239,719,197,237,64,185
"23","NEF_AtlasMXA_MX25_2025",16.88,-93.45,9,370,409,198,408,57,260
"24","NEF_AtlasMXA_MX26_2025",20.96,-98.68,12,681,370,285,756,55,316
"25","NEF_AtlasMXA_MX27_2025",17.64,-96.38,11,586,460,217,797,52,278
"26","NEF_AtlasMXA_MX28_2025",18.23,-89.8,15,519,350,311,603,74,166
"27","NEF_AtlasMXA_MX29_2025",17.62,-92.47,8,529,499,196,535,57,266
"28","NEF_AtlasMXA_MX2b_2025",19.05,-99.31,14,424,446,256,663,58,309
"29","NEF_AtlasMXA_MX3_2025",19.39,-97.7,6,320,527,207,347,68,247
"30","NEF_AtlasMXA_MX30_2025",16.81,-91.11,16,459,413,200,544,62,247
"31","NEF_AtlasMXA_MX31_2025",18.58,-95.08,7,412,450,170,474,54,276
"32","NEF_AtlasMXA_MX32_2025",16.11,-91.68,16,568,420,190,758,55,260
"33","NEF_AtlasMXA_MX33_2025",16.09,-91.68,16,626,403,193,686,55,240
"34","NEF_AtlasMXA_MX34_2025",20.09,-89.55,3,356,331,325,454,72,200
"35","NEF_AtlasMXA_MX35_2025",19.78,-97.1,6,501,376,239,615,53,293
"36","NEF_AtlasMXA_MX36_2025",19.85,-97.22,6,417,479,233,562,55,232
"37","NEF_AtlasMXA_MX4_2025",19.27,-98.04,6,474,505,242,696,56,358
"38","NEF_AtlasMXA_MX5_2025",19.27,-99.36,14,485,482,258,766,57,329
"39","NEF_AtlasMXA_MX7_2025",19.62,-101.33,5,337,450,279,490,59,300
"40","NEF_AtlasMXA_MX8_2025",20.81,-103.86,17,596,459,253,474,61,259
"41","NEF_AtlasMXA_MX9_2025",20.83,-103.85,17,490,473,256,406,59,243
"42","NEF_AtlasMXA_S036_2025",21.21,-87.19,4,857,441,277,981,73,242
"43","NEF_AtlasMXA_S163_2025",19.17,-97.3,6,466,507,192,745,54,297
"44","NEF_AtlasMXA_S164_2025",17.17,-96.64,11,465,486,220,779,50,278
"45","NEF_AtlasMXA_S165_2025",22.2,-102.6,18,334,484,279,421,60,255
"46","NEF_AtlasMXA_S529_2025",20.94,-90.37,1,324,642,282,583,82,161
"47","NEF_AtlasMXA_S530_2025",20.86,-90.15,1,605,392,324,827,78,337
"48","NEF_AtlasMXA_S531_2025",19.96,-89.17,3,367,305,321,464,72,233
"49","NEF_AtlasMXA_S532_2025",20.2,-87.48,4,807,610,350,1054,72,192
"50","NEF_AtlasMXA_S657_2025",25.22,-100.39,19,492,429,226,670,67,284
"51","NEF_AtlasMXA_S658_2025",24.02,-100.25,20,182,402,178,328,75,334
"52","NEF_AtlasMXA_S659_2025",25.25,-100.91,19,400,328,214,507,72,269
"53","NEF_AtlasMXA_S660_2025",25.25,-100.85,19,390,383,209,471,71,278
"54","NEF_AtlasMXA_S661_2025",25.25,-100.93,19,362,373,186,450,72,295
"55","NEF_AtlasMXA_S662_2025",24.73,-100.11,20,297,449,148,357,71,288
"56","NEF_AtlasMXA_S663_2025",25.35,-101.03,19,170,375,177,215,80,337
"57","NEF_AtlasMXA_S664_2025",24.75,-100.03,20,194,381,165,250,79,307
"58","NEF_AtlasMXA_S665_2025",24.52,-99.98,20,433,420,205,685,68,266
"59","NEF_AtlasMXA_S666_2025",24.4,-99.92,20,294,452,179,361,75,286
"60","NEF_AtlasMXA_S907_2025",19,-99.1,14,347,446,268,437,60,303
"61","NEF_AtlasMXA_S908N_2025",19.28,-99.37,14,400,504,260,484,63,288
"62","NEF_AtlasMXA_S909_2025",19.28,-99.37,14,400,504,260,484,63,288
"63","NEF_AtlasMXA_S910N_2025",19.29,-99.19,14,265,454,271,310,62,294
"64","NEF_AtlasMXA_S911_2025",16.16,-91.31,16,453,378,227,435,59,264
"65","NEF_AtlasMXA_S912_2025",16.15,-90.89,16,491,362,194,556,59,285
"66","NEF_AtlasMXA_S913_2025",16.25,-90.83,16,508,355,196,456,61,291
"67","NEF_AtlasMXA_S914_2025",16.1,-91.69,16,616,404,206,730,53,243
"68","NEF_AtlasMXA_S915_2025",16.55,-93.88,9,180,533,194,197,65,243
"69","NEF_AtlasMXA_S916_2025",16.6,-95.02,21,160,571,173,179,64,232
"70","NEF_AtlasMXA_S917_2025",16.11,-95.32,21,261,615,180,270,65,196
"71","NEF_AtlasMXA_S918_2025",15.93,-95.78,10,172,588,168,224,70,273
"72","NEF_AtlasMXA_S919_2025",15.68,-96.47,10,250,569,225,280,67,246
"73","NEF_AtlasMXA_S920_2025",15.72,-96.41,10,293,582,211,259,62,248
"74","NEF_AtlasMXB_B01_2025",19.86,-97.986,6,293,443,245,311,65,244
"75","NEF_AtlasMXB_B02_2025",16.685,-92.981,9,205,484,203,271,64,232
"76","NEF_AtlasMXB_B03_2025",16.72,-93.121,9,255,458,200,359,62,242
"77","NEF_AtlasMXB_B04_2025",16.649,-93.056,9,220,471,219,274,68,244
"78","NEF_AtlasMXB_B05_2025",16.776,-93.144,9,226,446,193,295,68,253
"79","NEF_AtlasMXB_B06_2025",19.478,-97.262,6,295,494,186,332,69,292
"80","NEF_AtlasMXB_B07_2025",19.484,-97.219,6,389,520,240,459,64,269
"81","NEF_AtlasMXB_B08_2025",19.61,-97.383,6,292,499,204,393,70,274
"82","NEF_AtlasMXB_B09_2025",19.601,-97.39,6,263,499,201,320,68,292
"83","NEF_AtlasMXB_B10_2025",19.612,-97.388,6,304,494,209,438,64,285
"84","NEF_AtlasMXB_B11_2025",19.593,-97.211,6,288,485,185,257,64,281
"85","NEF_AtlasMXB_B12_2025",19.605,-97.379,6,295,495,190,370,71,279
"86","NEF_AtlasMXB_B13_2025",19.516,-97.431,6,346,507,194,474,67,285
"87","NEF_AtlasMXB_B14_2025",19.518,-97.434,6,396,495,197,532,66,298
"88","NEF_AtlasMXB_B15_2025",21.084,-105.176,17,368,479,220,349,59,269
"89","NEF_AtlasMXB_B16_2025",21.082,-105.17,17,316,492,229,288,58,266
"90","NEF_AtlasMXB_B17_2025",19.516,-99.616,14,291,484,281,409,60,288
"91","NEF_AtlasMXB_B18_2025",21.292,-105.007,17,412,439,235,343,57,237
"92","NEF_AtlasMXB_B19_2025",21.307,-105.016,17,380,460,252,461,56,255
"93","NEF_AtlasMXB_B20_2025",21.223,-104.565,17,286,482,261,365,57,262
"94","NEF_AtlasMXB_B21_2025",21.216,-104.568,17,225,506,238,286,60,253
"95","NEF_AtlasMXB_B22_2025",19.281,-97.988,6,375,521,266,512,62,293
"96","NEF_AtlasMXB_B23_2025",19.264,-98.018,6,475,513,242,805,55,332
"97","NEF_AtlasMXB_B24_2025",19.259,-98.022,6,492,504,238,908,54,335
"98","NEF_AtlasMXB_B33_2025",18.994,-97.295,6,472,508,197,606,59,281
"99","NEF_AtlasMXB_B34_2025",18.972,-97.287,6,448,508,212,629,59,247
"100","NEF_AtlasMXB_B35_2025",18.904,-97.314,6,414,525,215,432,66,272
"101","NEF_AtlasMXB_B39_2025",19.124,-99.189,14,388,458,246,377,61,307
"102","NEF_AtlasMXB_B40_2025",19.125,-99.172,14,341,489,283,461,61,283
"103","NEF_AtlasMXB_B41_2025",19.313,-99.323,14,474,507,257,732,59,309
"104","NEF_AtlasMXB_B42_2025",19.303,-99.295,14,661,475,278,776,59,301
"105","NEF_AtlasMXB_B43_2025",19.228,-98.972,14,197,453,264,226,76,268
"106","NEF_AtlasMXB_B44_2025",19.134,-99.221,14,398,440,252,705,60,319
"107","NEF_AtlasMXB_B45_2025",19.256,-99.265,14,484,470,262,852,59,341
"108","NEF_AtlasMXB_B46_2025",19.212,-99.253,14,443,531,259,690,63,322
"109","NEF_AtlasMXB_B47_2025",19.199,-99.247,14,464,518,265,726,58,281
"110","NEF_AtlasMXB_B48_2025",19.266,-99.219,14,347,459,255,513,60,321
"111","NEF_AtlasMXB_B49_2025",19.134,-99.206,14,444,465,256,792,59,318
"112","NEF_AtlasMXB_B50_2025",19.339,-99.326,14,364,474,274,470,63,300
"113","NEF_AtlasMXB_B51_2025",19.224,-99.179,14,352,442,340,564,62,325
"114","NEF_AtlasMXB_B52_2025",19.22,-99.143,14,368,447,284,516,59,310
"115","NEF_AtlasMXB_B53_2025",19.209,-99.093,14,354,424,278,629,58,337
"116","NEF_AtlasMXB_B54_2025",19.107,-99.161,14,408,464,276,568,61,301
"117","NEF_AtlasMXB_B55_2025",19.117,-99.071,14,409,481,301,442,62,283
"118","NEF_AtlasMXB_B56_2025",19.153,-99.11,14,467,510,304,649,61,276
"119","NEF_AtlasMXB_B57_2025",19.133,-99.046,14,410,493,277,775,58,305
"120","NEF_AtlasMXB_B58_2025",19.103,-98.988,14,446,522,254,667,60,285
"121","NEF_AtlasMXB_B59_2025",19.156,-98.967,14,286,503,289,434,63,272
"122","NEF_AtlasMXB_B60_2025",19.225,-99.284,14,483,533,258,645,58,300
"123","NEF_AtlasMXB_B61_2025",19.224,-99.031,14,361,438,301,484,62,307
"124","NEF_AtlasMXB_B62_2025",19.183,-98.966,14,282,461,259,378,65,299
"125","NEF_AtlasMXB_B63_2025",19.275,-99.068,14,236,422,277,351,75,268
"126","NEF_AtlasMXB_B64_2025",19.326,-99.005,14,305,474,284,415,63,293
"127","NEF_AtlasMXB_B65_2025",19.346,-99.09,14,281,465,277,258,66,294
"128","NEF_AtlasMXB_B66_2025",19.564,-99.111,14,373,433,265,438,61,281
"129","NEF_AtlasMXB_B67_2025",19.318,-99.277,14,379,484,257,545,60,307
"130","NEF_AtlasMXB_B68_2025",19.274,-99.252,14,317,464,249,455,61,296
"131","NEF_AtlasMXB_B69_2025",19.222,-99.162,14,353,454,319,438,61,313
"132","NEF_AtlasMXB_B70_2025",19.249,-98.966,14,202,457,288,243,76,271
"133","NEF_AtlasMXB_B71_2025",19.188,-99.22,14,394,502,297,635,62,280
"134","NEF_AtlasMXB_B72_2025",19.151,-99.122,14,365,497,288,563,63,280
"135","NEF_AtlasMXB_B73_2025",19.197,-99.074,14,296,468,284,375,62,307
"136","NEF_AtlasMXB_B74_2025",19.209,-99.029,14,283,480,273,343,64,272
"137","NEF_AtlasMXB_B75_2025",19.167,-99.021,14,381,480,294,520,62,294
"138","NEF_AtlasMXB_B76_2025",19.205,-98.977,14,231,463,270,271,69,271
"139","NEF_AtlasMXB_B77_2025",19.183,-98.977,14,291,466,262,391,64,292
"140","NEF_AtlasMXB_B78_2025",19.156,-98.974,14,290,494,292,389,63,283
"141","NEF_AtlasMXB_B79_2025",19.191,-99.124,14,319,490,300,392,61,306
"142","NEF_AtlasMXB_B80_2025",19.265,-99.066,14,208,431,285,258,73,272
"143","NEF_AtlasMXB_B81_2025",19.264,-99.042,14,203,448,272,286,74,267
"144","NEF_AtlasMXB_B82_2025",19.237,-99.026,14,320,471,284,343,63,274
"145","NEF_AtlasMXB_B83_2025",19.176,-99.117,14,419,462,287,604,62,312
"146","NEF_AtlasMXB_B84_2025",19.255,-98.99,14,203,461,275,243,76,259
"147","NEF_AtlasMXB_B85_2025",19.249,-98.954,14,204,460,292,239,76,260
"148","NEF_AtlasMXB_B86_2025",19.312,-98.994,14,290,473,277,357,67,281
"149","NEF_AtlasMXB_B87_2025",19.27,-99.019,14,195,461,270,268,77,256
"150","NEF_AtlasMXB_B88_2025",19.248,-98.983,14,201,462,265,174,75,262
"151","NEF_AtlasMXB_B89_2025",28.081,-105.524,22,156,532,209,174,79,247
