"","...1","new.ID","Latitude","Longitude","groups","nitrogen","sand","cec","soc","phh2o","silt"
"1",1,"NEF_long_P1_2025",4.028,-52.678,1,434,365,158,620,45,280
"2",2,"NEF_long_P2_2025",4.028,-52.678,1,434,365,158,620,45,280
"3",3,"NEF_long_P3_2025",4.029,-52.682,1,477,348,163,597,47,287
"4",4,"NEF_long_P4_2025",4.034,-52.683,1,437,349,181,631,45,277
"5",5,"NEF_long_P5_2025",4.037,-52.683,1,444,335,182,665,47,291
"6",6,"NEF_long_P6_2025",4.038,-52.683,1,444,335,182,665,47,291
"7",7,"NEF_long_P7_2025",4.039,-52.684,1,445,335,181,646,46,290
"8",9,"NEF_long_P9_2025",4.079,-52.672,1,374,359,185,579,46,279
"9",10,"NEF_long_P10_2025",4.081,-52.673,1,374,359,185,579,46,279
"10",11,"NEF_long_P11_2025",4.079,-52.674,1,345,356,177,591,47,287
"11",12,"NEF_long_P12_2025",4.083,-52.674,1,348,359,177,565,47,288
"12",13,"NEF_spun_Riz2_2025",1.239,-70.214,2,344,511,198,635,47,292
"13",14,"NEF_spun_Riz1_2025",1.271,-70.203,2,0,0,0,0,0,0
"14",15,"NEF_spun_Riz3_2025",1.212,-70.21,2,359,585,154,397,45,193
"15",16,"NEF_spun_Riz4_2025",1.23,-70.228,2,350,533,171,669,46,260
"16",17,"NEF_spun_Riz5_2025",2.491,-72.639,3,300,418,151,347,50,365
"17",18,"NEF_spun_Riz6_2025",2.575,-72.714,3,285,461,191,398,52,344
"18",19,"NEF_spun_Riz7_2025",2.491,-72.658,3,277,429,122,301,51,358
"19",20,"NEF_spun_Riz8_2025",2.527,-72.868,3,253,480,158,356,52,321
"20",21,"NEF_spun_Riz9_2025",4.215,-69.941,4,222,486,96,253,51,269
"21",22,"NEF_spun_Riz10_2025",4.215,-69.941,4,222,486,96,253,51,269
"22",23,"NEF_spun_Riz11_2025",-4.103,-69.975,5,348,319,197,519,46,402
"23",24,"NEF_spun_Riz12_2025",-4.103,-69.975,5,348,319,197,519,46,402
"24",25,"NEF_spun_Riz13_2025",-4.182,-69.936,5,365,227,173,493,45,420
"25",26,"NEF_spun_Riz14_2025",-4.182,-69.936,5,365,227,173,493,45,420
"26",27,"NEF_spun_Riz15_2025",-4.182,-69.936,5,365,227,173,493,45,420
"27",28,"NEF_spun_Riz16_2025",0.589,-76.582,6,426,300,240,540,49,252
"28",29,"NEF_spun_Riz17_2025",1.103,-76.615,6,518,312,207,1578,50,330
"29",30,"NEF_spun_Riz18_2025",1.101,-76.625,6,455,339,210,1756,50,328
"30",31,"NEF_spun_Riz19_2025",0.949,-76.613,6,446,343,231,1332,52,293
"31",32,"NEF_spun_Riz20_2025",1.274,-76.572,6,380,385,218,953,48,309
"32",33,"NEF_dryf_TAM_2025",1.674,-77.31,6,349,344,250,461,58,337
"33",34,"NEF_dryf_TAM_2025",1.674,-77.31,6,349,344,250,461,58,337
"34",35,"NEF_dryf_TAM_2025",1.674,-77.31,6,349,344,250,461,58,337
"35",36,"NEF_dryf_TAM_2025",1.674,-77.31,6,349,344,250,461,58,337
"36",37,"NEF_dryf_TAM_2025",1.674,-77.31,6,349,344,250,461,58,337
"37",38,"NEF_dryf_VINC_2025",3.836,-76.296,7,293,293,242,434,55,326
"38",39,"NEF_dryf_VINC_2025",3.836,-76.296,7,293,293,242,434,55,326
"39",40,"NEF_dryf_VINC_2025",3.836,-76.296,7,293,293,242,434,55,326
"40",41,"NEF_dryf_VINC_2025",3.836,-76.296,7,293,293,242,434,55,326
"41",42,"NEF_dryf_VINC_2025",3.836,-76.296,7,293,293,242,434,55,326
"42",43,"NEF_dryf_VINC_2025",3.836,-76.296,7,293,293,242,434,55,326
"43",44,"NEF_dryf_VINC_2025",3.836,-76.296,7,293,293,242,434,55,326
"44",45,"NEF_dryf_VINC_2025",3.836,-76.296,7,293,293,242,434,55,326
"45",46,"NEF_dryf_VINC_2025",3.836,-76.296,7,293,293,242,434,55,326
"46",47,"NEF_dryf_VINC_2025",3.836,-76.296,7,293,293,242,434,55,326
"47",48,"NEF_dryf_VINC_2025",3.836,-76.296,7,293,293,242,434,55,326
"48",49,"NEF_dryf_VINC_2025",3.836,-76.296,7,293,293,242,434,55,326
"49",50,"NEF_dryf_VINC_2025",3.836,-76.296,7,293,293,242,434,55,326
"50",51,"NEF_dryf_MATGUA_2025",4.028,-76.159,7,409,248,265,608,56,427
"51",52,"NEF_dryf_MATGUA_2025",4.028,-76.159,7,409,248,265,608,56,427
"52",53,"NEF_dryf_MATGUA_2025",4.028,-76.159,7,409,248,265,608,56,427
"53",54,"NEF_dryf_MATGUA_2025",4.028,-76.159,7,409,248,265,608,56,427
"54",55,"NEF_dryf_MATGUA_2025",4.028,-76.159,7,409,248,265,608,56,427
"55",56,"NEF_dryf_MATGUA_2025",4.028,-76.159,7,409,248,265,608,56,427
"56",57,"NEF_dryf_MATGUA_2025",4.028,-76.159,7,409,248,265,608,56,427
"57",58,"NEF_dryf_MATGUA_2025",4.028,-76.159,7,409,248,265,608,56,427
"58",59,"NEF_dryf_MATGUA_2025",4.028,-76.159,7,409,248,265,608,56,427
"59",60,"NEF_dryf_MATGUA_2025",4.028,-76.159,7,409,248,265,608,56,427
"60",61,"NEF_dryf_MATGUA_2025",4.028,-76.159,7,409,248,265,608,56,427
"61",62,"NEF_dryf_MATGUA_2025",4.028,-76.159,7,409,248,265,608,56,427
"62",63,"NEF_dryf_MATGUA_2025",4.028,-76.159,7,409,248,265,608,56,427
"63",64,"NEF_dryf_MATGUA_2025",4.028,-76.159,7,409,248,265,608,56,427
"64",65,"NEF_dryf_MATGUA_2025",4.028,-76.159,7,409,248,265,608,56,427
"65",66,"NEF_dryf_TAME_2025",5.784,-75.666,8,409,316,188,461,51,311
"66",67,"NEF_dryf_TAME_2025",5.784,-75.666,8,409,316,188,461,51,311
"67",68,"NEF_dryf_TAME_2025",5.784,-75.666,8,409,316,188,461,51,311
"68",69,"NEF_dryf_TAME_2025",5.784,-75.666,8,409,316,188,461,51,311
"69",70,"NEF_dryf_TAME_2025",5.784,-75.666,8,409,316,188,461,51,311
"70",71,"NEF_dryf_TAME_2025",5.784,-75.666,8,409,316,188,461,51,311
"71",72,"NEF_dryf_TAME_2025",5.784,-75.666,8,409,316,188,461,51,311
"72",73,"NEF_dryf_TAME_2025",5.784,-75.666,8,409,316,188,461,51,311
"73",74,"NEF_dryf_TAME_2025",5.784,-75.666,8,409,316,188,461,51,311
"74",75,"NEF_dryf_TAME_2025",5.784,-75.666,8,409,316,188,461,51,311
"75",76,"NEF_dryf_COTO_2025",6.532,-75.832,8,401,283,185,482,51,307
"76",77,"NEF_dryf_COTO_2025",6.532,-75.832,8,401,283,185,482,51,307
"77",78,"NEF_dryf_COTO_2025",6.532,-75.832,8,401,283,185,482,51,307
"78",79,"NEF_dryf_COTO_2025",6.532,-75.832,8,401,283,185,482,51,307
"79",80,"NEF_dryf_COTO_2025",6.532,-75.832,8,401,283,185,482,51,307
"80",81,"NEF_dryf_COTO_2025",6.532,-75.832,8,401,283,185,482,51,307
"81",82,"NEF_dryf_COTO_2025",6.532,-75.832,8,401,283,185,482,51,307
"82",83,"NEF_dryf_COTO_2025",6.532,-75.832,8,401,283,185,482,51,307
"83",84,"NEF_dryf_COTO_2025",6.532,-75.832,8,401,283,185,482,51,307
"84",85,"NEF_dryf_COTO_2025",6.532,-75.832,8,401,283,185,482,51,307
"85",86,"NEF_dryf_COTO_2025",6.532,-75.832,8,401,283,185,482,51,307
"86",87,"NEF_dryf_COTO_2025",6.532,-75.832,8,401,283,185,482,51,307
"87",88,"NEF_dryf_COTO_2025",6.532,-75.832,8,401,283,185,482,51,307
"88",89,"NEF_dryf_JABI_2025",5.058,-74.828,9,291,264,226,453,51,326
"89",90,"NEF_dryf_JABI_2025",5.058,-74.828,9,291,264,226,453,51,326
"90",91,"NEF_dryf_JABI_2025",5.058,-74.828,9,291,264,226,453,51,326
"91",92,"NEF_dryf_JABI_2025",5.058,-74.828,9,291,264,226,453,51,326
"92",93,"NEF_dryf_JABI_2025",5.058,-74.828,9,291,264,226,453,51,326
"93",94,"NEF_dryf_JABI_2025",5.058,-74.828,9,291,264,226,453,51,326
"94",95,"NEF_dryf_JABI_2025",5.058,-74.828,9,291,264,226,453,51,326
"95",96,"NEF_dryf_JABI_2025",5.058,-74.828,9,291,264,226,453,51,326
"96",97,"NEF_dryf_JABI_2025",5.058,-74.828,9,291,264,226,453,51,326
"97",98,"NEF_dryf_JABI_2025",5.058,-74.828,9,291,264,226,453,51,326
"98",99,"NEF_dryf_JABI_2025",5.058,-74.828,9,291,264,226,453,51,326
"99",100,"NEF_dryf_JABI_2025",5.058,-74.828,9,291,264,226,453,51,326
"100",101,"NEF_dryf_JABI_2025",5.058,-74.828,9,291,264,226,453,51,326
"101",102,"NEF_dryf_JABI_2025",5.058,-74.828,9,291,264,226,453,51,326
"102",103,"NEF_dryf_JABI_2025",5.058,-74.828,9,291,264,226,453,51,326
"103",104,"NEF_dryf_TAMBO_2025",5.166,-74.811,9,345,289,182,499,51,329
"104",105,"NEF_dryf_TAMBO_2025",5.166,-74.811,9,345,289,182,499,51,329
"105",106,"NEF_dryf_TAMBO_2025",5.166,-74.811,9,345,289,182,499,51,329
"106",107,"NEF_dryf_TAMBO_2025",5.166,-74.811,9,345,289,182,499,51,329
"107",108,"NEF_dryf_TAMBO_2025",5.166,-74.811,9,345,289,182,499,51,329
"108",109,"NEF_dryf_TAMBO_2025",5.166,-74.811,9,345,289,182,499,51,329
"109",110,"NEF_dryf_TAMBO_2025",5.166,-74.811,9,345,289,182,499,51,329
"110",111,"NEF_dryf_TAMBO_2025",5.166,-74.811,9,345,289,182,499,51,329
"111",112,"NEF_dryf_CARDL_2025",5.085,-74.775,9,296,254,172,414,55,371
"112",113,"NEF_dryf_CARDL_2025",5.085,-74.775,9,296,254,172,414,55,371
"113",114,"NEF_dryf_CARDL_2025",5.085,-74.775,9,296,254,172,414,55,371
"114",115,"NEF_dryf_CARDL_2025",5.085,-74.775,9,296,254,172,414,55,371
"115",116,"NEF_dryf_CARDL_2025",5.085,-74.775,9,296,254,172,414,55,371
"116",117,"NEF_dryf_CARDL_2025",5.085,-74.775,9,296,254,172,414,55,371
"117",118,"NEF_dryf_CARDL_2025",5.085,-74.775,9,296,254,172,414,55,371
"118",119,"NEF_dryf_CARDL_2025",5.085,-74.775,9,296,254,172,414,55,371
"119",120,"NEF_dryf_CARDL_2025",5.085,-74.775,9,296,254,172,414,55,371
"120",121,"NEF_dryf_CARDL_2025",5.085,-74.775,9,296,254,172,414,55,371
"121",122,"NEF_dryf_CARDL_2025",5.085,-74.775,9,296,254,172,414,55,371
"122",123,"NEF_dryf_CARDL_2025",5.085,-74.775,9,296,254,172,414,55,371
"123",124,"NEF_dryf_CARDP_2025",5.084,-74.802,9,335,291,161,520,53,314
"124",125,"NEF_dryf_CARDP_2025",5.084,-74.802,9,335,291,161,520,53,314
"125",126,"NEF_dryf_CARDP_2025",5.084,-74.802,9,335,291,161,520,53,314
"126",127,"NEF_dryf_CARDP_2025",5.084,-74.802,9,335,291,161,520,53,314
"127",128,"NEF_dryf_CARDP_2025",5.084,-74.802,9,335,291,161,520,53,314
"128",129,"NEF_dryf_CARDP_2025",5.084,-74.802,9,335,291,161,520,53,314
"129",130,"NEF_dryf_CARDP_2025",5.084,-74.802,9,335,291,161,520,53,314
"130",131,"NEF_dryf_CARDP_2025",5.084,-74.802,9,335,291,161,520,53,314
"131",132,"NEF_dryf_MATIT_2025",11.338,-72.955,10,272,369,200,309,64,317
"132",133,"NEF_dryf_MATIT_2025",11.338,-72.955,10,272,369,200,309,64,317
"133",134,"NEF_dryf_MATIT_2025",11.338,-72.955,10,272,369,200,309,64,317
"134",135,"NEF_dryf_MATIT_2025",11.338,-72.955,10,272,369,200,309,64,317
"135",136,"NEF_dryf_MATIT_2025",11.338,-72.955,10,272,369,200,309,64,317
"136",137,"NEF_dryf_MATIT_2025",11.338,-72.955,10,272,369,200,309,64,317
"137",138,"NEF_dryf_MATIT_2025",11.338,-72.955,10,272,369,200,309,64,317
"138",139,"NEF_dryf_MATIT_2025",11.338,-72.955,10,272,369,200,309,64,317
"139",140,"NEF_dryf_MATIT_2025",11.338,-72.955,10,272,369,200,309,64,317
"140",141,"NEF_dryf_MATIT_2025",11.338,-72.955,10,272,369,200,309,64,317
"141",142,"NEF_dryf_MACUI_2025",12.199,-71.35,11,240,335,211,450,64,308
"142",143,"NEF_dryf_MACUI_2025",12.199,-71.35,11,240,335,211,450,64,308
"143",144,"NEF_dryf_MACUI_2025",12.199,-71.35,11,240,335,211,450,64,308
"144",145,"NEF_dryf_MACUI_2025",12.199,-71.35,11,240,335,211,450,64,308
"145",146,"NEF_dryf_MACUI_2025",12.199,-71.35,11,240,335,211,450,64,308
"146",147,"NEF_dryf_MACUI_2025",12.199,-71.35,11,240,335,211,450,64,308
"147",148,"NEF_dryf_MACUI_2025",12.199,-71.35,11,240,335,211,450,64,308
"148",149,"NEF_dryf_MACUI_2025",12.199,-71.35,11,240,335,211,450,64,308
"149",150,"NEF_dryf_MACUI_2025",12.199,-71.35,11,240,335,211,450,64,308
"150",151,"NEF_dryf_MACUI_2025",12.199,-71.35,11,240,335,211,450,64,308
"151",152,"NEF_dryf_MACUI_2025",12.199,-71.35,11,240,335,211,450,64,308
"152",153,"NEF_dryf_MACUI_2025",12.199,-71.35,11,240,335,211,450,64,308
"153",154,"NEF_dryf_MACUI_2025",12.199,-71.35,11,240,335,211,450,64,308
"154",155,"NEF_dryf_MACUI_2025",12.199,-71.35,11,240,335,211,450,64,308
"155",156,"NEF_dryf_MACUI_2025",12.199,-71.35,11,240,335,211,450,64,308
"156",157,"NEF_dryf_MACUI_2025",12.199,-71.35,11,240,335,211,450,64,308
"157",158,"NEF_diam_BAF1_2025",5.488,-53.99,12,379,491,174,508,46,245
"158",159,"NEF_diam_BAF3_2025",5.487,-53.99,12,421,429,182,521,47,268
"159",160,"NEF_diam_BALBF_2025",4.881,-52.627,1,404,350,171,686,46,332
"160",161,"NEF_diam_BALTF_2025",4.884,-52.629,1,385,346,187,647,46,318
"161",162,"NEF_diam_BLATF_2025",5.335,-53.957,12,259,461,178,498,45,256
"162",163,"NEF_diam_CAM_2025",4.557,-52.209,1,404,347,173,570,47,338
"163",164,"NEF_diam_CAMPK_2025",5.173,-52.655,1,448,160,271,695,52,477
"164",165,"NEF_diam_CAY2_2025",4.95,-52.305,1,0,0,0,0,0,0
"165",166,"NEF_diam_CAY3_2025",4.939,-52.289,1,0,0,0,0,0,0
"166",167,"NEF_diam_CGBF_2025",5.262,-53.321,12,425,398,174,712,44,305
"167",168,"NEF_diam_CGTF_2025",5.26,-53.323,12,401,409,178,727,45,296
"168",169,"NEF_diam_CNBF_2025",5.389,-53.27,12,385,366,174,636,45,338
"169",170,"NEF_diam_CNTF_2025",5.387,-53.321,12,428,376,186,639,45,287
"170",171,"NEF_diam_COOTF_2025",4.48,-52.428,1,417,356,172,628,46,303
"171",172,"NEF_diam_CRLBF_2025",5.279,-53.513,12,415,403,150,712,45,269
"172",173,"NEF_diam_CRLTF_2025",5.276,-53.515,12,486,396,144,699,45,288
"173",174,"NEF_diam_CSG1_2025",5.226,-52.836,1,371,343,198,672,46,305
"174",175,"NEF_diam_CSG2_2025",5.241,-52.839,1,456,308,181,596,45,381
"175",176,"NEF_diam_CSG3_2025",5.239,-52.838,1,446,307,177,590,45,369
"176",177,"NEF_diam_CSG4_2025",5.174,-52.871,1,428,320,160,607,46,361
"177",178,"NEF_diam_CSG5_2025",5.218,-52.839,1,446,312,217,692,47,345
"178",179,"NEF_diam_CSG6_2025",5.212,-52.835,1,443,297,205,669,45,372
"179",180,"NEF_diam_CSG7_2025",5.222,-52.855,1,393,312,205,646,46,369
"180",181,"NEF_diam_CSG8_2025",5.222,-52.847,1,412,337,199,650,45,334
"181",182,"NEF_diam_FRG_2025",4.313,-52.236,1,417,313,193,604,45,346
"182",183,"NEF_diam_GALP1_2025",3.6,-53.27,13,540,321,182,722,46,275
"183",184,"NEF_diam_GALP2_2025",3.601,-53.267,13,493,324,184,763,46,273
"184",185,"NEF_diam_GALP3_2025",3.604,-53.267,13,439,334,194,707,47,269
"185",186,"NEF_diam_GALP4_2025",3.589,-53.283,13,596,359,199,889,46,299
"186",187,"NEF_diam_GALP5_2025",3.604,-53.281,13,453,346,185,689,46,259
"187",188,"NEF_diam_GALP6_2025",3.596,-53.277,13,547,320,187,719,45,284
"188",189,"NEF_diam_GALP7_2025",3.607,-53.288,13,581,313,169,790,46,284
"189",190,"NEF_diam_GALP8_2025",3.602,-53.275,13,509,353,189,762,46,279
"190",191,"NEF_diam_GUY_2025",4.568,-52.179,1,368,299,194,691,46,378
"191",192,"NEF_diam_IT01_2025",3.027,-53.077,13,550,283,177,701,46,324
"192",193,"NEF_diam_IT02_2025",3.022,-53.084,13,446,310,191,605,46,280
"193",194,"NEF_diam_IT03_2025",3.016,-53.087,13,439,311,188,584,46,280
"194",195,"NEF_diam_IT04_2025",3.033,-53.096,13,438,321,172,604,46,281
"195",196,"NEF_diam_IT05_2025",3.023,-53.097,13,417,332,181,528,48,270
"196",197,"NEF_diam_IT06_2025",3.013,-53.1,13,403,382,178,537,47,286
"197",198,"NEF_diam_IT07_2025",3.034,-53.105,13,433,394,171,491,47,291
"198",199,"NEF_diam_IT08_2025",3.022,-53.106,13,430,383,179,502,48,301
"199",200,"NEF_diam_IT09_2025",3.017,-53.108,13,407,419,180,502,48,269
"200",201,"NEF_diam_KAPTF_2025",4.15,-52.202,1,352,330,207,732,46,287
"201",202,"NEF_diam_KAPBF_2025",4.153,-52.202,1,411,352,208,629,45,279
"202",203,"NEF_diam_KAW70-C_2025",4.557,-52.21,1,404,347,173,570,47,338
"203",204,"NEF_diam_KAW71-G_2025",4.568,-52.178,1,358,292,195,694,46,371
"204",205,"NEF_diam_KAW72-T_2025",4.608,-52.28,1,426,338,194,653,45,333
"205",206,"NEF_diam_KOT1_2025",3.943,-54.184,14,443,362,176,548,46,281
"206",207,"NEF_diam_KOT10_2025",3.955,-54.184,14,450,385,179,585,46,262
"207",208,"NEF_diam_KOT2_2025",3.939,-54.186,14,438,359,186,511,45,284
"208",209,"NEF_diam_KOT3_2025",3.933,-54.186,14,424,384,185,544,46,245
"209",210,"NEF_diam_KOT4_2025",3.934,-54.195,14,398,395,161,587,46,256
"210",211,"NEF_diam_KOT5_2025",3.931,-54.194,14,410,416,163,580,46,240
"211",212,"NEF_diam_KOT6_2025",3.937,-54.191,14,476,343,182,546,45,281
"212",213,"NEF_diam_KOT7_2025",3.931,-54.202,14,422,374,149,536,46,279
"213",214,"NEF_diam_KOT8_2025",3.93,-54.197,14,419,375,147,528,45,284
"214",215,"NEF_diam_KOT9_2025",3.936,-54.198,14,434,378,149,564,46,271
"215",216,"NEF_diam_LAU1_2025",5.479,-53.597,12,533,328,198,609,45,349
"216",217,"NEF_diam_LAU2_2025",5.484,-53.596,12,467,318,185,643,45,388
"217",218,"NEF_diam_LAU21_2025",5.465,-53.587,12,518,427,175,724,43,268
"218",219,"NEF_diam_LAU3_2025",5.475,-53.587,12,445,385,173,603,44,288
"219",220,"NEF_diam_LAU4_2025",5.482,-53.576,12,518,344,187,740,44,326
"220",221,"NEF_diam_LAU5_2025",5.485,-53.591,12,450,368,191,668,44,323
"221",222,"NEF_diam_LAU6_2025",5.469,-53.58,12,454,439,185,689,44,209
"222",223,"NEF_diam_LAU7_2025",5.471,-53.579,12,386,344,200,656,44,281
"223",224,"NEF_diam_LAU8_2025",5.472,-53.593,12,490,338,194,612,45,336
"224",225,"NEF_diam_LAU9_2025",5.463,-53.58,12,490,389,182,680,44,276
"225",226,"NEF_diam_MAIBF_2025",5.144,-53.996,12,312,431,171,664,44,250
"226",227,"NEF_diam_MAITF_2025",5.143,-53.997,12,302,419,164,632,44,257
"227",228,"NEF_diam_MIT1_2025",2.244,-54.459,15,269,391,131,362,44,286
"228",229,"NEF_diam_MIT2_2025",2.239,-54.453,15,326,383,136,357,44,285
"229",230,"NEF_diam_MIT3_2025",2.244,-54.464,15,313,389,138,337,45,287
"230",231,"NEF_diam_MIT7_2025",2.234,-54.443,15,288,352,135,328,44,282
"231",232,"NEF_diam_MIT8_2025",2.235,-54.445,15,281,365,137,311,44,276
"232",233,"NEF_diam_MIT9_2025",2.239,-54.449,15,306,401,134,342,44,271
"233",234,"NEF_diam_MIT10_2025",2.216,-54.457,15,283,336,138,319,47,324
"234",235,"NEF_diam_MIT11_2025",2.228,-54.454,15,299,336,145,311,45,331
"235",236,"NEF_diam_MIT12_2025",2.234,-54.452,15,287,390,133,351,44,281
"236",237,"NEF_diam_MRA_2025",4.912,-52.259,1,0,0,0,0,0,0
"237",238,"NEF_diam_MTO_2025",4.219,-52.412,1,445,336,198,658,46,314
"238",239,"NEF_diam_NOU31_2025",4.083,-52.684,1,418,337,175,546,46,294
"239",240,"NEF_diam_NOU32_2025",4.083,-52.681,1,411,337,176,526,46,267
"240",241,"NEF_diam_NOU33_2025",4.088,-52.675,1,356,358,174,532,45,275
"241",242,"NEF_diam_NOU34_2025",4.084,-52.673,1,371,361,187,569,46,263
"242",243,"NEF_diam_NOU35_2025",4.087,-52.67,1,345,374,180,552,45,261
"243",244,"NEF_diam_NOU36_2025",4.091,-52.674,1,392,379,170,684,46,290
"244",245,"NEF_diam_NOU37_2025",4.077,-52.681,1,370,342,177,536,46,258
"245",246,"NEF_diam_NOU38_2025",4.097,-52.685,1,390,346,175,622,46,323
"246",247,"NEF_diam_ORG0_2025",5.474,-53.485,12,524,335,194,669,46,333
"247",248,"NEF_diam_ORG1_2025",5.475,-53.488,12,555,331,197,675,46,337
"248",249,"NEF_diam_PAR-A-BF_2025",5.276,-52.929,1,461,315,203,673,45,365
"249",250,"NEF_diam_PAR-A-PL_2025",5.272,-52.94,1,442,288,203,619,45,359
"250",251,"NEF_diam_PAR-A-PT_2025",5.274,-52.932,1,471,284,185,659,45,384
"251",252,"NEF_diam_PAR-B-BF_2025",5.252,-52.926,1,378,325,168,624,46,325
"252",253,"NEF_diam_PAR-B-PL_2025",5.257,-52.921,1,394,339,169,653,47,292
"253",254,"NEF_diam_PAR-B-PT_2025",5.26,-52.918,1,424,337,172,684,45,334
"254",255,"NEF_diam_PAT_2025",5.41,-53.178,12,417,340,161,621,48,376
"255",256,"NEF_diam_PE1_2025",-3.975,-73.426,16,313,285,179,889,45,383
"256",257,"NEF_diam_PE2_2025",-3.976,-73.427,16,313,285,179,889,45,383
"257",258,"NEF_diam_PE3_2025",-3.918,-73.553,16,345,374,193,719,44,329
"258",259,"NEF_diam_PE4_2025",-3.892,-73.553,16,316,413,186,825,45,322
"259",260,"NEF_diam_PE5_2025",-3.892,-73.56,16,326,404,189,637,45,323
"260",261,"NEF_diam_PE6_2025",-3.905,-73.802,16,377,307,210,678,45,378
"261",262,"NEF_diam_PE7_2025",-3.876,-73.864,16,355,311,212,694,44,382
"262",263,"NEF_diam_PE8_2025",-3.906,-73.801,16,377,307,210,678,45,378
"263",264,"NEF_diam_PE9_2025",-3.89,-73.82,16,358,376,219,808,45,345
"264",265,"NEF_diam_PE10_2025",-3.833,-73.598,16,304,325,216,621,46,367
"265",266,"NEF_diam_PE11_2025",-3.833,-73.598,16,304,325,216,621,46,367
"266",267,"NEF_diam_PE12_2025",-3.757,-74.085,16,474,340,256,1146,44,376
"267",268,"NEF_diam_PE13_2025",-3.764,-74.089,16,488,313,250,1142,47,362
"268",269,"NEF_diam_PE14_2025",-4.9,-73.63,17,350,237,218,807,42,406
"269",270,"NEF_diam_PE15_2025",-4.925,-73.611,17,318,244,217,580,42,407
"270",271,"NEF_diam_PE16_2025",-4.917,-73.614,17,297,251,193,632,42,415
"271",272,"NEF_diam_PE17_2025",-4.88,-73.648,17,355,216,243,783,42,405
"272",273,"NEF_diam_PE18_2025",-4.933,-73.722,17,355,236,187,776,43,454
"273",274,"NEF_diam_PE19_2025",-4.832,-73.741,17,0,0,0,0,0,0
"274",275,"NEF_diam_PE20_2025",-3.778,-73.686,16,309,385,188,1067,45,310
"275",276,"NEF_diam_PE21_2025",-3.83,-73.71,16,306,441,209,602,44,280
"276",277,"NEF_diam_PE22_2025",-3.807,-73.699,16,412,431,216,779,47,275
"277",278,"NEF_diam_PE23_2025",-4.129,-73.471,16,330,287,211,1008,45,379
"278",279,"NEF_diam_PE24_2025",-4.171,-73.483,16,374,206,214,854,45,437
"279",280,"NEF_diam_PE25_2025",-5.908,-73.724,17,335,297,176,431,43,390
"280",281,"NEF_diam_PE26_2025",-5.916,-73.728,17,326,298,180,330,43,399
"281",282,"NEF_diam_PE27_2025",-5.886,-73.765,17,362,284,172,420,44,428
"282",283,"NEF_diam_PE28_2025",-5.854,-73.779,17,317,287,170,399,44,397
"283",284,"NEF_diam_PE29_2025",-5.568,-73.885,17,317,304,199,496,44,385
"284",285,"NEF_diam_PE30_2025",-5.513,-73.848,17,310,287,222,590,44,389
"285",286,"NEF_diam_PE31_2025",-5.06,-73.82,17,328,243,209,717,44,386
"286",287,"NEF_diam_PE32_2025",-5.187,-73.846,17,346,229,209,474,44,398
"287",288,"NEF_diam_PE33_2025",-4.312,-77.243,18,357,511,234,593,48,270
"288",289,"NEF_diam_PE34_2025",-4.298,-77.241,18,350,515,228,675,48,248
"289",290,"NEF_diam_PE35_2025",-4.532,-77.126,18,336,476,209,519,50,304
"290",291,"NEF_diam_PE36_2025",-4.531,-77.132,18,320,496,229,661,52,278
"291",292,"NEF_diam_PE37_2025",-4.519,-77.106,18,357,496,229,645,49,299
"292",293,"NEF_diam_PE38_2025",-4.764,-76.649,18,318,413,198,616,47,328
"293",294,"NEF_diam_PMT10_2025",4.318,-52.235,1,396,341,197,659,45,334
"294",295,"NEF_diam_PMT11_2025",4.311,-52.228,1,468,335,211,595,45,308
"295",296,"NEF_diam_PMT12_2025",4.321,-52.237,1,374,327,190,633,45,348
"296",297,"NEF_diam_PMT13_2025",4.301,-52.228,1,412,327,219,628,46,329
"297",298,"NEF_diam_PMT14_2025",4.292,-52.236,1,414,342,195,641,45,308
"298",299,"NEF_diam_PMT15_2025",4.29,-52.263,1,370,324,209,661,45,325
"299",300,"NEF_diam_PMT16_2025",4.304,-52.237,1,390,309,206,691,45,342
"300",301,"NEF_diam_PMT17_2025",4.329,-52.242,1,375,309,194,646,47,326
"301",302,"NEF_diam_PMT18_2025",4.305,-52.217,1,473,322,198,615,47,344
"302",303,"NEF_diam_ROR_2025",4.876,-52.261,1,482,328,208,682,49,328
"303",304,"NEF_diam_SL1_2025",3.565,-53.204,13,361,361,175,406,46,252
"304",305,"NEF_diam_SL2_2025",3.563,-53.211,13,358,402,165,420,47,272
"305",306,"NEF_diam_SL3_2025",3.559,-53.222,13,373,425,150,388,47,279
"306",307,"NEF_diam_SL4_2025",3.56,-53.2,13,357,350,187,417,46,267
"307",308,"NEF_diam_SL5_2025",3.562,-53.201,13,333,362,189,443,47,273
"308",309,"NEF_diam_SL6_2025",3.558,-53.198,13,345,337,183,442,46,272
"309",310,"NEF_diam_SL7_2025",3.563,-53.19,13,419,343,187,458,46,289
"310",311,"NEF_diam_SL8_2025",3.56,-53.186,13,445,337,198,483,47,314
"311",312,"NEF_diam_SL9_2025",3.567,-53.197,13,338,373,178,425,46,265
"312",313,"NEF_diam_SL10_2025",3.569,-53.2,13,333,368,166,428,46,263
"313",314,"NEF_diam_SL11_2025",3.579,-53.197,13,341,376,161,510,46,302
"314",315,"NEF_diam_SL12_2025",3.574,-53.199,13,325,367,165,493,46,259
"315",316,"NEF_diam_SUR101_2025",5.344,-55.766,19,255,533,173,494,43,201
"316",317,"NEF_diam_SUR102_2025",5.229,-55.652,19,208,722,154,396,42,103
"317",318,"NEF_diam_TRI_INS_2025",4.621,-53.409,14,450,391,178,683,47,290
"318",319,"NEF_diam_TRI41_2025",4.598,-53.41,14,342,417,160,687,45,255
"319",320,"NEF_diam_TRI42_2025",4.609,-53.414,14,434,397,157,618,45,275
"320",321,"NEF_diam_TRI43_2025",4.607,-53.402,14,370,433,165,637,44,236
"321",322,"NEF_diam_TRI44_2025",4.595,-53.415,14,356,416,163,659,45,248
"322",323,"NEF_diam_TRI45_2025",4.603,-53.416,14,373,414,161,586,46,241
"323",324,"NEF_diam_TRI46_2025",4.62,-53.409,14,478,372,178,619,48,297
"324",325,"NEF_diam_TRI48_2025",4.62,-53.409,14,478,372,178,619,48,297
"325",326,"NEF_diam_TRIFT_2025",4.619,-53.408,14,478,372,178,619,48,297
"326",327,"NEF_mymo_MYMO1_2025",-31.559,-69.438,20,156,617,149,157,78,246
"327",328,"NEF_mymo_MYMO10_2025",-32.564,-68.882,21,71,598,181,107,79,252
"328",329,"NEF_mymo_MYMO11_2025",-32.558,-68.904,21,86,585,179,151,78,263
"329",330,"NEF_mymo_MYMO12_2025",-32.547,-68.927,21,107,566,174,157,78,275
"330",331,"NEF_mymo_MYMO13_2025",-32.905,-69.01,21,140,521,193,197,78,305
"331",332,"NEF_mymo_MYMO15_2025",-32.905,-68.998,21,149,523,178,224,76,304
"332",333,"NEF_mymo_MYMO16_2025",-33.163,-69.257,21,228,568,234,461,76,226
"333",334,"NEF_mymo_MYMO17_2025",-33.391,-69.245,21,240,625,207,333,77,198
"334",335,"NEF_mymo_MYMO18_2025",-33.132,-68.685,21,109,572,166,128,78,280
"335",336,"NEF_mymo_MYMO19_2025",-33.068,-68.832,21,101,488,161,165,77,336
"336",337,"NEF_mymo_MYMO2_2025",-31.487,-69.401,20,98,646,137,120,78,225
"337",338,"NEF_mymo_MYMO20_2025",-33.188,-68.879,21,86,611,175,86,80,225
"338",339,"NEF_mymo_MYMO21_2025",-33.429,-69.207,21,137,678,188,257,79,165
"339",340,"NEF_mymo_MYMO22_2025",-33.395,-69.181,21,149,647,198,321,76,161
"340",341,"NEF_mymo_MYMO23_2025",-33.394,-69.207,21,175,651,189,308,78,188
"341",342,"NEF_mymo_MYMO24_2025",-33.374,-69.246,21,244,607,206,323,76,211
"342",343,"NEF_mymo_MYMO25_2025",-33.782,-69.107,21,112,701,182,124,76,175
"343",344,"NEF_mymo_MYMO26_2025",-33.596,-69.285,21,226,574,213,262,74,200
"344",345,"NEF_mymo_MYMO27_2025",-33.601,-69.23,21,200,727,187,330,77,116
"345",346,"NEF_mymo_MYMO28_2025",-33.614,-69.276,21,228,571,232,310,72,203
"346",347,"NEF_mymo_MYMO29_2025",-33.608,-69.211,21,178,772,208,257,75,97
"347",348,"NEF_mymo_MYMO3_2025",-31.165,-69.454,20,116,684,152,107,80,204
"348",349,"NEF_mymo_MYMO30_2025",-33.783,-69.131,21,119,709,194,141,77,141
"349",350,"NEF_mymo_MYMO31_2025",-32.457,-67.886,22,75,542,149,88,83,260
"350",351,"NEF_mymo_MYMO32_2025",-32.413,-67.942,22,83,516,155,114,82,276
"351",352,"NEF_mymo_MYMO33_2025",-32.361,-67.83,22,77,575,176,86,84,234
"352",353,"NEF_mymo_MYMO34_2025",-32.418,-67.949,22,69,533,152,169,82,269
"353",354,"NEF_mymo_MYMO4_2025",-31.041,-69.496,20,107,621,145,117,81,245
"354",355,"NEF_mymo_MYMO5_2025",-31.225,-69.457,20,149,720,154,116,80,175
"355",356,"NEF_mymo_MYMO6_2025",-31.604,-69.452,20,124,611,150,132,78,259
"356",357,"NEF_mymo_MymoNS200_2025",-27.241,-66.911,23,149,532,156,114,80,268
"357",358,"NEF_mymo_MymoNS202_2025",-26.587,-65.89,23,127,582,162,94,72,227
"358",359,"NEF_mymo_MymoNS203_2025",-26.612,-65.892,23,144,564,163,130,72,225
"359",360,"NEF_mymo_MymoNS204_2025",-27.228,-66.835,23,174,541,160,199,78,270
"360",361,"NEF_mymo_MymoNS205_2025",-29.319,-67.614,24,115,573,159,184,79,271
"361",362,"NEF_mymo_MymoNS206_2025",-29.306,-67.589,24,90,555,154,147,83,295
"362",363,"NEF_mymo_MymoNS207_2025",-29.528,-67.466,24,90,483,158,105,81,338
"363",364,"NEF_mymo_MymoNS208_2025",-29.391,-67.434,24,110,429,182,106,79,388
"364",365,"NEF_mymo_MymoNS209_2025",-29.197,-67.472,24,105,583,161,171,81,276
"365",366,"NEF_mymo_MymoNS18_2025",-33.82,-69.203,21,207,689,231,344,74,142
"366",367,"NEF_mymo_MymoNS22_2025",-33.492,-69.259,21,219,661,189,350,78,149
"367",368,"NEF_mymo_MymoNS29_2025",-33.417,-69.16,21,147,676,201,142,77,160
"368",369,"NEF_mymo_MymoNS39_2025",-33.542,-69.11,21,117,666,170,178,78,171
"369",370,"NEF_mymo_MymoNS44_2025",-33.431,-69.301,21,223,600,196,257,74,215
"370",371,"NEF_mymo_MymoNS52_2025",-33.461,-69.027,21,96,601,158,111,79,240
"371",372,"NEF_mymo_MymoNS81_2025",-33.341,-69.179,21,186,635,200,318,75,177
